LivingArea,LotArea,GarageArea,UnfinBsmtSF,TotalBsmtSF,1stFlrSF,2ndFlrSF,TotalRooms,OverallQual,OverallCond,BsmtQual,YearBuilt,YearRemod,Neighborhood,SalePrice
1710,8450,548,150,856,856,854,8,7,5,Gd,2003,2003,CollgCr,208500
1262,9600,460,284,1262,1262,0,6,6,8,Gd,1976,1976,Veenker,181500
1786,11250,608,434,920,920,866,6,7,5,Gd,2001,2002,CollgCr,223500
1717,9550,642,540,756,961,756,7,7,5,TA,1915,1970,Crawfor,140000
2198,14260,836,490,1145,1145,1053,9,8,5,Gd,2000,2000,NoRidge,250000
1362,14115,480,64,796,796,566,5,5,5,Gd,1993,1995,Mitchel,143000
1694,10084,636,317,1686,1694,0,7,8,5,Ex,2004,2005,Somerst,307000
2090,10382,484,216,1107,1107,983,7,7,6,Gd,1973,1973,NWAmes,200000
1774,6120,468,952,952,1022,752,8,7,5,TA,1931,1950,OldTown,129900
1077,7420,205,140,991,1077,0,5,5,6,TA,1939,1950,BrkSide,118000
1040,11200,384,134,1040,1040,0,5,5,5,TA,1965,1965,Sawyer,129500
2324,11924,736,177,1175,1182,1142,11,9,5,Ex,2005,2006,NridgHt,345000
912,12968,352,175,912,912,0,4,5,6,TA,1962,1962,Sawyer,144000
1494,10652,840,1494,1494,1494,0,7,7,5,Gd,2006,2007,CollgCr,279500
1253,10920,352,520,1253,1253,0,5,6,5,TA,1960,1960,NAmes,157000
854,6120,576,832,832,854,0,5,7,8,TA,1929,2001,BrkSide,132000
1004,11241,480,426,1004,1004,0,5,6,7,TA,1970,1970,NAmes,149000
1296,10791,516,0,0,1296,0,6,4,5,,1967,1967,Sawyer,90000
1114,13695,576,468,1114,1114,0,6,5,5,TA,2004,2004,SawyerW,159000
1339,7560,294,525,1029,1339,0,6,5,6,TA,1958,1965,NAmes,139000
2376,14215,853,1158,1158,1158,1218,9,8,5,Ex,2005,2006,NridgHt,325300
1108,7449,280,637,637,1108,0,6,7,7,TA,1930,1950,IDOTRR,139400
1795,9742,534,1777,1777,1795,0,7,8,5,Gd,2002,2002,CollgCr,230000
1060,4224,572,200,1040,1060,0,6,5,7,Gd,1976,1976,MeadowV,129900
1060,8246,270,204,1060,1060,0,6,5,8,TA,1968,2001,Sawyer,154000
1600,14230,890,1566,1566,1600,0,7,8,5,Gd,2007,2007,NridgHt,256300
900,7200,576,180,900,900,0,5,5,7,TA,1951,2000,NAmes,134800
1704,11478,772,486,1704,1704,0,7,8,5,Ex,2007,2008,NridgHt,306000
1600,16321,319,207,1484,1600,0,6,5,6,TA,1957,1997,NAmes,207500
520,6324,240,520,520,520,0,4,4,6,TA,1927,1950,BrkSide,68500
1317,8500,250,649,649,649,668,6,4,4,TA,1920,1950,IDOTRR,40000
1228,8544,271,1228,1228,1228,0,6,5,6,TA,1966,2006,Sawyer,149350
1234,11049,484,1234,1234,1234,0,7,8,5,Ex,2007,2007,CollgCr,179900
1700,10552,447,380,1398,1700,0,6,5,5,TA,1959,1959,NAmes,165500
1561,7313,556,408,1561,1561,0,6,9,5,Ex,2005,2005,NridgHt,277500
2452,13418,691,1117,1117,1132,1320,9,8,5,Ex,2004,2005,NridgHt,309000
1097,10859,672,1097,1097,1097,0,6,5,5,Gd,1994,1995,CollgCr,145000
1297,8532,498,84,1297,1297,0,5,5,6,TA,1954,1990,NAmes,153000
1057,7922,246,326,1057,1057,0,5,5,7,TA,1953,2007,NAmes,109000
1152,6040,0,0,0,1152,0,6,4,5,,1955,1955,Edwards,82000
1324,8658,440,445,1088,1324,0,6,6,5,TA,1965,1965,NAmes,160000
1328,16905,308,383,1350,1328,0,5,5,6,TA,1959,1959,Timber,170000
884,9180,504,0,840,884,0,5,5,7,Gd,1983,1983,SawyerW,144000
938,9200,308,167,938,938,0,5,5,6,Gd,1975,1980,CollgCr,130250
1150,7945,300,465,1150,1150,0,6,5,6,TA,1959,1959,NAmes,141000
1752,7658,576,1296,1752,1752,0,6,9,5,Ex,2005,2005,NridgHt,319900
2149,12822,670,83,1434,1518,631,6,7,5,Ex,2003,2003,Mitchel,239686
1656,11096,826,1632,1656,1656,0,7,8,5,Gd,2006,2006,Somerst,249700
1452,4456,0,736,736,736,716,8,4,5,TA,1920,2008,OldTown,113000
955,7742,386,192,955,955,0,6,5,7,TA,1966,1966,Sawyer,127000
1470,13869,388,612,794,794,676,6,6,6,Gd,1997,1997,Gilbert,177000
1176,6240,528,816,816,816,0,6,6,6,TA,1934,1950,BrkSide,114500
816,8472,516,0,816,816,0,5,5,5,Gd,1963,1963,IDOTRR,110000
1842,50271,894,32,1842,1842,0,5,9,5,Ex,1981,1987,Veenker,385000
1360,7134,572,0,384,1360,0,6,5,5,TA,1955,1955,NAmes,130000
1425,10175,576,935,1425,1425,0,7,6,5,TA,1964,1964,NAmes,180500
1739,2645,480,321,970,983,756,7,8,5,Gd,1999,2000,Somerst,172500
1720,11645,565,860,860,860,860,7,7,5,Gd,2004,2004,CollgCr,196500
2945,13682,641,1410,1410,1426,1519,10,10,5,Ex,2006,2006,StoneBr,438780
780,7200,352,148,780,780,0,4,5,7,TA,1972,1972,CollgCr,124900
1158,13072,576,217,1158,1158,0,5,6,5,Gd,2004,2004,SawyerW,158000
1111,7200,288,530,530,581,530,6,5,7,TA,1920,1996,IDOTRR,101000
1370,6442,484,1346,1370,1370,0,6,8,5,Gd,2006,2006,NridgHt,202500
1710,10300,480,576,576,902,808,9,7,6,TA,1921,1950,OldTown,140000
2034,9375,645,318,1057,1057,977,8,7,5,Gd,1997,1998,CollgCr,219500
2473,9591,852,1143,1143,1143,1330,9,8,5,Ex,2004,2005,NridgHt,317000
2207,19900,576,1035,1947,2207,0,7,7,5,Gd,1970,1989,NAmes,180000
1479,10665,558,440,1453,1479,0,7,7,5,Gd,2003,2003,CollgCr,226000
747,4608,220,747,747,747,0,4,4,6,TA,1945,1950,OldTown,80000
2287,15593,667,701,1304,1304,983,7,7,4,TA,1953,1953,ClearCr,225000
2223,13651,516,343,2223,2223,0,8,7,6,Gd,1973,1973,NAmes,244000
845,7599,360,280,845,845,0,4,4,6,TA,1982,2006,Mitchel,129500
1718,10141,427,832,832,885,833,7,7,5,Gd,1998,1998,Gilbert,185000
1086,10200,490,404,1086,1086,0,6,5,7,TA,1954,2003,NAmes,144900
1605,5790,379,840,840,840,765,8,3,6,Fa,1915,1950,OldTown,107400
988,1596,297,0,462,526,462,5,4,5,Gd,1973,1973,MeadowV,91000
952,8475,283,724,952,952,0,4,4,7,TA,1956,1956,NAmes,135750
1285,8635,240,295,672,1072,213,6,5,5,TA,1948,2001,BrkSide,127000
1768,10778,0,1768,1768,1768,0,8,4,5,TA,1968,1968,Sawyer,136500
1230,10440,440,440,440,682,548,5,5,6,TA,1910,1981,OldTown,110000
2142,13000,509,448,896,1182,960,8,6,6,Gd,1968,1968,NAmes,193500
1337,4500,405,36,1237,1337,0,5,6,5,Ex,1998,1998,Mitchel,153500
1563,10206,758,1530,1563,1563,0,6,8,5,Gd,2007,2007,Somerst,245000
1065,8892,461,1065,1065,1065,0,6,5,5,TA,1960,1960,NAmes,126500
1474,8530,400,384,384,804,670,7,7,5,Gd,1995,1996,Gilbert,168500
2417,16059,462,1288,1288,1301,1116,9,8,5,Gd,1991,1992,NoRidge,260000
1560,11911,400,684,684,684,876,6,6,5,Gd,2005,2005,Gilbert,174000
1224,3951,528,612,612,612,612,4,6,5,Gd,2009,2009,Somerst,164500
1526,8470,0,1013,1013,1013,0,6,3,2,TA,1915,1982,IDOTRR,85000
990,8070,0,402,990,990,0,5,4,5,Gd,1994,1995,CollgCr,123600
1040,7200,420,0,0,1040,0,4,4,5,,1950,1950,NAmes,109900
1235,8500,480,635,1235,1235,0,6,5,3,TA,1961,1961,NAmes,98600
964,13360,432,163,876,964,0,5,5,7,Gd,1921,2006,Crawfor,163500
2291,7200,506,168,1214,1260,1031,9,6,6,TA,1910,1998,OldTown,133900
1786,9337,684,176,824,905,881,7,6,5,Gd,1997,1997,CollgCr,204750
1470,9765,420,370,680,680,790,6,6,8,Gd,1993,1993,Gilbert,185000
1588,10264,472,426,1588,1588,0,6,7,5,Gd,1999,1999,CollgCr,214000
960,10921,432,440,960,960,0,6,4,5,TA,1965,1965,Edwards,94750
835,10625,366,350,458,835,0,5,5,5,TA,1920,1950,Edwards,83000
1225,9320,0,381,950,1225,0,6,4,5,TA,1959,1959,NAmes,128950
1610,10603,480,410,1610,1610,0,6,6,7,TA,1977,2001,NWAmes,205000
1732,9206,476,741,741,977,755,7,6,5,Gd,1985,1985,SawyerW,178000
1535,7018,410,0,0,1535,0,8,5,5,,1979,1979,SawyerW,118964
1226,10402,740,1226,1226,1226,0,6,7,5,Gd,2009,2009,CollgCr,198900
1818,7758,240,816,1040,1226,592,7,7,4,TA,1931,1950,IDOTRR,169500
1992,9375,648,1053,1053,1053,939,9,8,5,Ex,2003,2004,Somerst,250000
1047,10800,273,641,641,1047,0,6,4,7,Fa,1885,1995,OldTown,100000
789,6000,250,516,789,789,0,5,5,5,TA,1948,1950,OldTown,115000
1517,8500,0,793,793,997,520,7,5,7,TA,1919,2005,IDOTRR,115000
1844,11751,546,1139,1844,1844,0,7,6,6,Gd,1977,1977,NWAmes,190000
1855,9525,325,550,994,1216,639,7,6,4,TA,1954,1972,Edwards,136900
1430,7750,400,134,384,774,656,7,7,5,Gd,2000,2000,Gilbert,180000
2696,9965,792,280,1264,1282,1414,10,7,5,Ex,2007,2007,CollgCr,383970
2259,21000,450,905,1809,2259,0,7,6,5,Gd,1953,1953,Crawfor,217000
2320,7259,180,104,1028,1436,884,9,6,8,TA,1945,2002,Crawfor,259500
1458,3230,440,310,729,729,729,5,6,5,Gd,1999,1999,Somerst,176000
1092,11616,288,252,1092,1092,0,6,5,5,TA,1962,1962,Sawyer,139000
1125,8536,430,1125,1125,1125,0,5,5,5,Gd,2006,2007,Edwards,155000
3222,12376,594,203,1673,1699,1523,11,7,5,Gd,1990,1990,SawyerW,320000
1456,8461,390,728,728,728,728,8,6,5,Gd,2005,2006,CollgCr,163990
988,21453,540,0,938,988,0,4,6,5,TA,1969,1969,ClearCr,180000
1123,6060,264,732,732,772,351,4,4,5,TA,1939,1950,IDOTRR,100000
1080,9464,288,510,1080,1080,0,5,6,7,TA,1958,1958,NAmes,136000
1199,7892,530,899,1199,1199,0,5,6,5,Gd,1993,1993,SawyerW,153900
1586,17043,435,1362,1362,1586,0,7,6,5,Gd,1979,1998,NWAmes,181000
754,6780,0,30,520,520,0,5,6,8,TA,1935,1982,IDOTRR,84500
958,4928,440,958,1078,958,0,5,6,5,Gd,1976,1976,NPkVill,128000
840,4388,0,556,672,840,0,5,5,7,TA,1930,1950,OldTown,87000
1348,7590,453,148,660,660,688,6,6,5,TA,1966,1966,NAmes,155000
1053,8973,750,413,1008,1053,0,6,5,7,TA,1958,1991,NAmes,150000
2157,14200,487,479,924,1216,941,8,7,6,TA,1966,1966,NAmes,226000
2054,12224,390,297,992,1022,1032,7,6,5,Gd,2000,2000,Gilbert,244000
1327,7388,624,658,1063,1327,0,7,5,6,TA,1959,2002,NAmes,150750
1296,6853,471,262,1267,1296,0,6,8,5,Ex,2001,2002,Timber,220000
1721,10335,440,891,1461,1721,0,7,5,6,TA,1968,1993,Sawyer,180000
1682,10400,530,1304,1304,1682,0,7,7,6,TA,1970,1970,NWAmes,174000
1214,10355,318,519,1214,1214,0,5,5,5,TA,1967,1967,NAmes,143000
1959,11070,766,1907,1907,1959,0,9,7,5,TA,1988,1989,Mitchel,171000
1852,9066,660,336,1004,1004,848,7,8,5,Gd,1999,2000,CollgCr,230000
1764,15426,470,107,928,928,836,7,6,5,Gd,1997,1997,CollgCr,231500
864,10500,0,432,864,864,0,5,4,5,TA,1971,1971,NAmes,115000
1734,11645,660,434,1734,1734,0,7,7,5,Gd,2005,2005,CollgCr,260000
1385,8520,720,403,910,910,475,6,5,4,TA,1952,1952,NAmes,166000
1501,10335,577,811,1490,1501,0,6,7,5,Gd,1999,1999,CollgCr,204000
1728,9100,504,396,1728,1728,0,10,5,5,TA,1963,1963,Sawyer,125000
1709,2522,380,970,970,970,739,7,6,5,Gd,2004,2006,Edwards,130000
875,6120,180,506,715,875,0,5,5,7,TA,1931,1993,BrkSide,105000
2035,9505,434,884,884,884,1151,8,7,5,Gd,2001,2001,Gilbert,222500
1080,7500,0,400,1080,1080,0,6,7,5,Gd,2004,2005,SawyerW,141000
1344,6240,240,896,896,896,448,7,5,4,Gd,1936,1950,BrkSide,115000
969,10356,440,253,969,969,0,5,5,6,TA,1975,1975,CollgCr,122000
1710,13891,866,310,1710,1710,0,6,8,5,Ex,2007,2008,NridgHt,372402
1993,14803,495,409,825,1097,896,8,6,5,TA,1971,1971,NWAmes,190000
1252,13500,564,93,1602,1252,0,4,6,7,Gd,1960,1975,ClearCr,235000
1200,11340,312,1200,1200,1200,0,7,6,5,TA,1923,1950,OldTown,125000
1096,9600,0,572,572,572,524,5,6,5,TA,1924,1950,Edwards,79000
1040,7200,625,0,0,1040,0,5,5,7,,1950,1950,NAmes,109500
1968,12003,680,774,774,774,1194,8,8,5,Ex,2009,2010,Timber,269500
1947,12552,678,769,991,991,956,8,7,5,Gd,2004,2005,Somerst,254900
2462,19378,576,1335,1392,1392,1070,9,7,5,Gd,2005,2006,Gilbert,320000
1232,11120,516,572,1232,1232,0,6,6,6,Gd,1984,1984,Veenker,162500
2668,13688,726,556,1572,1572,1096,10,9,5,Ex,2003,2004,NridgHt,412500
1541,12182,532,340,1541,1541,0,7,7,5,Gd,2005,2005,NridgHt,220000
882,5500,0,882,882,882,0,4,4,6,TA,1956,1956,OldTown,103200
1616,5400,216,779,1149,1149,467,5,6,7,TA,1926,2004,OldTown,152000
1355,10106,0,112,644,808,547,6,5,7,TA,1940,1999,Edwards,127500
1867,10708,303,470,1617,1867,0,7,5,5,TA,1955,1993,ClearCr,190000
2161,10562,789,294,1582,1610,551,8,8,5,Ex,2007,2007,NridgHt,325624
1720,8244,440,840,840,840,880,7,7,5,Gd,2004,2004,Gilbert,183500
1707,16669,511,1686,1686,1707,0,6,8,6,Gd,1981,1981,Timber,228000
1382,12358,660,360,720,854,0,7,5,6,TA,1941,1950,OldTown,128500
1656,31770,528,441,1080,1656,0,7,6,5,TA,1960,1960,NAmes,215000
1767,5306,504,354,1064,1064,703,5,7,7,Gd,1987,1987,StoneBr,239000
1362,10197,504,700,1362,1362,0,6,6,5,TA,1961,1961,NAmes,163000
1651,12416,616,0,1606,1651,0,7,6,5,Gd,1986,1986,Timber,184000
2158,12615,576,725,1202,2158,0,7,6,7,TA,1950,2001,Edwards,243000
2060,10029,521,320,1151,1164,896,8,6,5,Gd,1988,1989,ClearCr,211000
1920,13650,451,554,1052,1252,668,8,5,5,TA,1958,1958,Sawyer,172500
2234,17423,1166,312,2216,2234,0,9,9,5,Ex,2008,2009,StoneBr,501837
968,8520,480,968,968,968,0,5,5,6,TA,1923,2006,OldTown,100000
1525,2117,440,320,756,769,756,5,6,5,Gd,2000,2000,Somerst,177000
1802,7588,216,441,793,901,901,9,7,6,Fa,1920,1950,Crawfor,200100
1340,9060,252,0,0,1340,0,7,5,6,,1957,2006,Edwards,120000
2082,11426,484,1362,1362,1362,720,6,7,5,Gd,2003,2003,OldTown,200000
1252,7438,576,504,504,936,316,5,5,8,Fa,1908,1991,BrkSide,127000
3608,22950,840,1107,1107,1518,1518,12,10,9,TA,1892,1993,OldTown,475000
1217,9947,497,577,1188,1217,0,6,7,5,Gd,1990,1991,Mitchel,173000
1656,10410,180,660,660,808,704,8,5,7,Fa,1916,1987,OldTown,135000
1224,7018,528,0,1086,1224,0,6,5,5,Gd,1979,1979,SawyerW,153337
1593,4923,682,440,1593,1593,0,5,8,5,Ex,2001,2002,StoneBr,286000
2727,10570,440,556,853,1549,1178,10,8,8,Gd,1932,1994,Crawfor,315000
1479,7472,484,99,725,725,754,7,7,9,TA,1972,2004,NAmes,184000
1431,9017,666,871,1431,1431,0,6,7,5,Gd,1999,1999,CollgCr,192000
1709,2522,380,970,970,970,739,7,7,5,Gd,2004,2004,Edwards,130000
864,7180,352,474,864,864,0,5,5,7,TA,1972,1972,CollgCr,127000
1456,2280,440,289,855,855,601,7,6,6,Gd,1976,1976,NPkVill,148500
1726,9416,786,600,1726,1726,0,8,7,5,Ex,2007,2007,Somerst,311872
3112,25419,795,140,1360,1360,1360,8,8,4,TA,1918,1990,NAmes,235000
2229,5520,0,755,755,929,929,8,6,6,TA,1912,1950,OldTown,104000
1713,9591,856,625,1713,1713,0,7,8,5,Ex,2004,2005,NridgHt,274900
1121,8546,440,1121,1121,1121,0,5,4,5,Gd,2003,2004,Edwards,140000
1279,10125,473,276,1196,1279,0,6,6,6,TA,1977,1977,Mitchel,171500
1310,7000,398,0,617,865,445,6,6,6,Fa,1924,1950,OldTown,112000
848,4438,420,186,848,848,0,3,6,5,Gd,2004,2004,CollgCr,149000
1284,3500,240,408,720,720,564,5,5,7,TA,1947,1950,OldTown,110000
1442,11851,500,1424,1424,1442,0,5,7,5,Gd,1990,1990,Gilbert,180500
1696,13673,349,1140,1140,1696,0,8,5,5,TA,1962,1962,Sawyer,143900
1100,12493,312,375,1100,1100,0,6,4,5,TA,1960,1960,NAmes,141000
2062,14364,454,92,1157,1180,882,7,7,5,Gd,1988,1989,SawyerW,277000
1092,8250,504,305,1092,1092,0,6,6,7,Gd,1964,1964,NAmes,145000
864,5604,0,396,864,864,0,5,5,6,TA,1925,1950,Edwards,98000
1212,10420,460,1176,1212,1212,0,6,6,5,Gd,2009,2009,Edwards,186000
1852,8640,644,78,900,932,920,7,7,5,Gd,2009,2009,Somerst,252678
990,13568,576,274,990,990,0,5,5,5,Gd,1995,1995,CollgCr,156000
1392,10900,299,311,689,689,703,6,6,7,Gd,1977,1977,CollgCr,161750
1236,10011,447,710,1070,1236,0,6,5,6,TA,1957,1996,NAmes,134450
1436,8450,484,490,1436,1436,0,8,7,5,Gd,2004,2004,CollgCr,210000
1328,9906,210,686,686,810,518,8,4,4,TA,1925,1950,OldTown,107000
1954,15660,431,457,798,1137,817,8,7,9,TA,1939,2006,Crawfor,311500
1248,3010,438,1232,1248,1248,0,5,7,5,Gd,2005,2006,Blmngtn,167240
1498,8990,675,1498,1498,1498,0,5,7,5,Gd,2006,2006,CollgCr,204900
2267,8068,390,1010,1010,1010,1257,8,6,5,Gd,2002,2002,Gilbert,200000
1552,11475,434,163,713,811,741,6,6,6,Gd,1975,1975,NWAmes,179900
864,10500,576,160,864,864,0,4,4,6,TA,1971,1971,NAmes,97000
2392,13472,968,2336,2392,2392,0,8,10,5,Ex,2003,2003,NridgHt,386250
1302,1680,280,630,630,630,672,6,5,5,TA,1971,1971,BrDale,112000
2520,9950,721,638,1203,1214,1306,9,7,5,Gd,1995,1995,NoRidge,290000
987,1869,280,162,483,483,504,5,6,6,TA,1970,1970,BrDale,106000
912,8521,336,70,912,912,0,5,5,5,TA,1967,1967,Sawyer,125000
1555,3182,430,1357,1373,1555,0,7,7,5,Gd,2005,2006,Blmngtn,192500
1194,8760,312,1194,1194,1194,0,6,6,6,TA,1959,1959,NAmes,148000
2794,15138,810,773,1462,1490,1304,9,8,5,Gd,1995,1996,NoRidge,403000
987,1680,288,483,483,483,504,5,6,5,TA,1972,1972,BrDale,94500
894,10650,308,0,894,894,0,5,5,6,TA,1976,1976,CollgCr,128200
1960,7851,440,235,860,860,1100,8,6,5,Gd,2002,2002,Gilbert,216500
987,1680,264,125,483,483,504,5,6,3,TA,1971,1971,BrDale,89500
1414,8773,494,1390,1414,1414,0,6,7,5,Gd,2004,2004,CollgCr,185500
1744,9453,457,594,996,1014,730,7,7,7,Gd,1993,2003,SawyerW,194500
1694,12030,818,1694,1694,1694,0,7,8,5,Ex,2007,2007,NridgHt,318000
1487,8741,220,641,735,798,689,7,6,4,TA,1945,1950,Edwards,113000
1566,9000,750,488,1566,1566,0,7,8,5,Gd,2008,2008,Somerst,262500
866,3880,0,357,686,866,0,4,5,9,TA,1945,1997,OldTown,110500
1440,5000,352,540,540,889,551,6,5,4,TA,1900,1950,OldTown,79000
1217,10762,288,626,626,626,591,6,6,6,Gd,1980,1980,SawyerW,120000
2110,8880,463,253,948,1222,888,8,7,5,Gd,1994,2002,SawyerW,205000
1872,10400,604,916,1845,1872,0,6,7,5,Gd,1988,1988,NWAmes,241500
1928,9142,440,1020,1020,908,1020,9,6,8,Fa,1910,1950,OldTown,137000
1375,11310,451,1367,1367,1375,0,5,6,5,TA,1954,1954,NAmes,140000
1668,11317,500,840,840,840,828,8,7,5,Gd,2003,2003,CollgCr,180000
2144,159000,389,747,1444,1444,700,7,6,7,Gd,1958,2006,ClearCr,277000
1306,5350,0,728,728,1306,0,6,3,2,TA,1940,1966,BrkSide,76500
1625,4750,538,0,1573,1625,0,5,8,5,Gd,2006,2007,Crawfor,235000
1640,8366,520,798,798,798,842,6,6,5,Gd,2004,2004,SawyerW,173000
1302,9350,309,452,1302,1302,0,7,6,7,Gd,1964,1991,NAmes,158000
1314,8400,294,392,1314,1314,0,5,5,6,TA,1957,1957,NAmes,145000
2291,8738,429,975,975,1005,1286,8,7,5,Gd,1999,1999,Gilbert,230000
1728,8791,673,361,864,864,864,7,6,5,Gd,2003,2003,Somerst,207500
1604,8814,660,270,1604,1604,0,8,7,5,Gd,2006,2006,CollgCr,220000
1792,12435,564,602,963,963,829,7,7,5,Gd,2001,2001,CollgCr,231500
882,12702,308,0,0,882,0,4,5,5,,1956,1956,OldTown,97000
1382,19296,884,0,1362,1382,0,6,6,5,TA,1962,1962,NAmes,176000
2574,9588,868,1482,1482,1482,1092,10,8,5,Ex,2007,2007,CollgCr,276000
1212,8471,492,0,506,1212,0,6,6,7,Gd,1977,1995,Sawyer,151000
1316,5500,484,0,926,926,0,6,5,7,TA,1929,2001,OldTown,130000
764,5232,504,680,680,764,0,4,5,5,Fa,1925,2004,OldTown,73000
1422,12090,576,606,1422,1422,0,7,6,6,Gd,1981,1981,NWAmes,175500
1511,11207,413,88,802,802,709,8,6,5,Gd,1997,1997,Gilbert,185000
2192,8400,240,342,720,1052,720,8,5,8,TA,1939,1997,SWISU,179500
778,6900,924,212,740,778,0,4,5,6,TA,1940,1955,IDOTRR,120500
1113,7917,504,392,1143,1113,0,6,6,7,TA,1976,1976,Edwards,148000
1939,10728,1053,1095,1095,1095,844,8,8,5,Gd,2006,2006,Somerst,266000
1363,39104,439,96,1385,1363,0,5,7,7,Gd,1954,2005,ClearCr,241500
2270,11764,671,628,1152,1164,1106,9,8,7,Gd,1999,2007,NoRidge,290000
1632,9600,338,0,1240,1632,0,6,6,6,TA,1958,1988,NAmes,139000
816,8314,264,270,816,816,0,5,5,7,TA,1982,1982,Mitchel,124500
1548,7264,672,952,952,952,596,5,7,7,TA,1925,2007,BrkSide,205000
1560,9196,573,1560,1560,1560,0,7,7,5,Ex,2003,2003,Mitchel,201000
864,19138,400,744,864,864,0,4,4,5,TA,1951,1951,Gilbert,141000
2121,14450,732,2121,2121,2121,0,8,9,5,Ex,2006,2007,NridgHt,415298
2022,10005,505,768,1160,1156,866,8,7,5,Gd,1977,1977,ClearCr,192000
1982,11287,575,386,807,1175,807,7,7,6,Gd,1989,1989,SawyerW,228500
1262,7200,572,357,1262,1262,0,5,6,5,Gd,2006,2006,Somerst,185000
1314,5063,626,410,1314,1314,0,6,7,5,Gd,2007,2008,NridgHt,207500
1468,9612,898,1468,1468,1468,0,6,8,5,Gd,2008,2009,Somerst,244600
1575,8012,529,1145,1575,1575,0,5,6,5,Gd,1992,1992,SawyerW,179200
1250,4251,528,625,625,625,625,5,7,5,Gd,2006,2007,Somerst,164700
1734,9786,440,312,912,1085,649,7,6,7,TA,1962,1981,NAmes,159000
858,8125,0,244,858,858,0,5,4,4,TA,1971,1971,NAmes,88000
900,9819,280,432,882,900,0,5,5,5,TA,1967,1967,Sawyer,122000
1396,8730,384,698,698,698,698,7,6,7,TA,1915,2003,BrkSide,153575
1919,15611,685,1079,1079,1079,840,8,8,5,Gd,2006,2006,CollgCr,233230
1716,5687,0,570,780,936,780,9,5,6,TA,1912,2000,SWISU,135900
1716,11409,281,476,768,1148,568,8,5,4,TA,1949,2008,Edwards,131000
2263,16659,539,0,795,1468,795,9,7,7,TA,1977,1994,NWAmes,235000
1644,9600,418,131,1416,1644,0,7,6,5,TA,1953,1953,NAmes,167000
1003,7937,588,184,1003,1003,0,6,6,6,TA,1984,1984,Mitchel,142500
1558,13710,282,490,910,910,648,6,5,5,TA,1950,1950,IDOTRR,152000
1950,7399,576,326,975,975,975,7,7,5,Gd,1997,1998,Somerst,239000
1743,11700,539,143,702,1041,702,7,6,6,TA,1968,1968,NWAmes,175000
1152,14000,300,1092,1092,1152,0,6,6,8,TA,1950,2004,Crawfor,158500
1336,15750,375,324,1165,1336,0,5,5,5,TA,1953,1953,Crawfor,157000
2452,16226,683,747,1028,1210,1242,9,8,5,Gd,1998,1999,CollgCr,267000
1541,13704,843,1541,1541,1541,0,6,7,5,Gd,2001,2002,CollgCr,205000
894,9800,552,0,894,894,0,5,5,7,TA,1972,1972,CollgCr,149900
3493,18386,870,1470,1470,1675,1818,10,7,9,TA,1880,2002,OldTown,295000
2000,10386,888,536,2000,2000,0,8,8,5,Gd,2004,2005,CollgCr,305900
2243,13474,746,0,700,1122,1121,8,7,5,Gd,1990,1991,SawyerW,225000
1406,7920,0,319,319,1035,371,6,6,7,TA,1920,1950,IDOTRR,89500
861,12342,539,599,861,861,0,4,4,5,TA,1940,1950,Edwards,82500
1944,12378,708,622,1896,1944,0,8,9,5,Ex,2003,2004,NridgHt,360000
1501,7685,420,179,697,697,804,6,6,5,Gd,1993,1994,Gilbert,165600
972,8000,240,292,972,972,0,5,6,6,TA,1948,2002,NAmes,132000
1118,7800,410,286,793,793,325,5,5,7,Gd,1939,1950,OldTown,119900
2036,215245,513,80,2136,2036,0,8,7,5,Gd,1965,1965,Timber,375000
1641,9600,546,712,728,832,809,6,7,7,TA,1925,1990,OldTown,178000
1432,7795,432,291,716,716,716,6,7,5,Gd,2004,2005,Gilbert,188500
2353,13005,484,153,845,1153,1200,10,7,7,Gd,1980,1980,NWAmes,260000
1959,9000,1025,1088,1088,1088,871,8,8,5,Gd,2006,2006,Somerst,270000
2646,9900,656,360,1347,1372,1274,9,7,5,Gd,1993,1993,NoRidge,260000
1472,14115,588,336,1372,1472,0,6,7,5,Gd,1980,1980,NWAmes,187500
2596,16259,840,1249,1249,1249,1347,9,9,5,Ex,2006,2006,NridgHt,342643
2468,12099,872,166,1136,1136,1332,10,8,5,Ex,2004,2004,NridgHt,354000
2730,10380,576,0,1502,1553,1177,8,7,5,TA,1986,1987,SawyerW,301000
1163,5820,220,906,1162,1163,0,6,3,8,TA,1955,2005,OldTown,126175
2978,11275,564,710,710,1898,1080,11,7,7,Gd,1967,2007,NAmes,242000
803,5000,360,604,720,803,0,5,5,6,TA,1941,1950,IDOTRR,87000
1719,10846,473,100,1719,1719,0,6,8,5,Gd,1993,1993,Veenker,324000
1383,11600,292,818,1383,1383,0,7,6,5,TA,1960,1960,NAmes,145250
2134,11888,441,844,844,1445,689,10,6,6,TA,1916,1994,BrkSide,214500
1192,6402,189,596,596,596,596,6,5,5,TA,1920,1950,IDOTRR,78000
1728,10624,352,1424,1728,1728,0,10,5,4,TA,1964,1964,NAmes,119000
1056,8176,308,210,1056,1056,0,6,5,6,TA,1958,1992,NAmes,139000
1629,10655,880,1603,3206,1629,0,7,8,5,Gd,2003,2004,NridgHt,284000
1358,8198,484,638,1358,1358,0,6,7,5,Gd,2004,2004,NridgHt,207000
1638,9042,472,115,943,943,695,7,6,5,Gd,1998,1998,Gilbert,192000
1786,164660,529,103,1499,1619,167,7,5,6,TA,1965,1965,Timber,228950
1922,14157,676,673,1922,1922,0,8,9,5,Ex,2005,2006,StoneBr,377426
1536,9135,532,726,1536,1536,0,7,7,5,Gd,2002,2003,CollgCr,214000
1621,14145,440,995,1208,1621,0,8,7,7,Gd,1984,1998,NWAmes,202500
1215,12400,297,630,1215,1215,0,6,6,7,TA,1958,1998,NAmes,155000
1908,14191,431,967,967,993,915,9,8,5,Gd,2002,2002,Timber,202900
841,8400,294,721,721,841,0,4,4,4,TA,1950,1950,SawyerW,82000
1040,8544,400,0,0,1040,0,6,3,4,,1949,1950,NAmes,87500
1684,8849,564,1656,1684,1684,0,6,9,5,Ex,2005,2005,NridgHt,266000
1112,2592,336,175,536,536,576,4,5,3,Gd,1976,1976,MeadowV,85000
1577,6435,312,972,972,972,605,6,6,5,TA,1939,1950,BrkSide,140200
958,12772,301,460,958,958,0,5,6,8,TA,1960,1998,NAmes,151500
1478,17600,498,208,1478,1478,0,6,6,5,TA,1960,1960,NAmes,157500
1626,2448,474,191,764,764,862,6,7,5,Gd,2003,2004,NridgHt,154000
2728,20431,706,438,1848,1848,880,10,9,5,Ex,2005,2006,NridgHt,437154
1869,7820,617,1869,1869,1869,0,6,9,5,Ex,2007,2007,NridgHt,318061
1453,5271,445,371,1453,1453,0,6,7,5,Gd,1986,1986,ClearCr,190000
1111,9084,200,0,616,616,495,5,5,6,TA,1941,1950,Edwards,95000
720,8520,484,624,624,720,0,5,6,8,TA,1928,2003,OldTown,105900
1595,8400,240,552,940,1192,403,6,6,5,TA,1940,2000,SWISU,140000
1200,11249,521,322,1200,1200,0,6,6,5,Gd,1995,1995,CollgCr,177500
1167,9248,400,598,1158,1167,0,6,6,6,Gd,1992,1992,Gilbert,173000
1142,4224,528,268,1142,1142,0,6,5,5,Gd,1976,1976,MeadowV,134000
1352,6930,288,468,1062,1352,0,6,5,4,TA,1958,1958,ClearCr,130000
1924,12011,592,130,1086,1086,838,7,8,5,Gd,1998,1998,NoRidge,280000
912,7540,470,115,888,912,0,5,6,6,Gd,1978,1978,Mitchel,156000
1505,9144,240,484,883,988,517,8,5,5,TA,1940,1982,BrkSide,145000
1922,7301,672,0,0,495,1427,7,7,5,,2003,2003,Edwards,198500
987,1680,264,321,483,483,504,5,6,8,TA,1972,2007,BrDale,118000
1574,18800,566,84,796,790,784,6,6,5,Gd,1976,1976,NWAmes,190000
1344,10690,468,216,672,672,672,6,5,7,TA,1920,1997,IDOTRR,147000
1394,9500,514,785,1394,1394,0,6,6,5,Gd,1963,1963,NAmes,159000
1431,9150,296,728,1099,1431,0,6,6,5,Gd,1962,1962,NAmes,165000
1268,7800,244,728,1268,1268,0,7,5,6,TA,1954,1954,NAmes,132000
1287,9830,576,733,1063,1287,0,7,5,7,TA,1959,2006,NAmes,162000
1664,8121,460,953,953,953,711,7,6,5,Gd,2000,2000,Gilbert,172400
1588,17120,680,0,0,1120,468,7,4,4,,1959,1959,ClearCr,134432
752,7175,264,0,744,752,0,4,6,5,Gd,1984,1984,SawyerW,125000
1319,10634,270,0,608,1319,0,5,5,6,TA,1953,1953,NAmes,123000
1928,8200,434,847,847,847,1081,8,7,5,Gd,2003,2004,CollgCr,219500
904,10020,0,333,683,904,0,4,1,1,Fa,1922,1950,Edwards,61000
914,8846,576,572,870,914,0,5,5,5,Gd,1996,1996,CollgCr,148000
2466,11143,610,1580,1580,1580,886,8,8,5,Gd,2004,2005,Somerst,340000
1856,11394,834,411,1856,1856,0,8,9,2,Ex,2010,2010,StoneBr,394432
1800,8123,463,982,982,1007,793,7,6,5,Gd,2000,2000,Gilbert,179000
1691,5000,308,808,1026,1026,665,6,5,6,TA,1924,1950,SWISU,127000
1301,7200,572,1293,1293,1301,0,5,7,5,Gd,2006,2006,Somerst,187750
1797,9245,639,939,939,939,858,8,7,5,Gd,2006,2006,CollgCr,213500
784,9000,360,784,784,784,0,5,6,3,Fa,1928,1950,SawyerW,76000
1953,53107,501,595,1580,1079,874,9,6,5,Gd,1992,1992,ClearCr,240000
1269,3182,430,1232,1256,1269,0,6,8,5,Gd,2004,2005,Blmngtn,192000
1184,8410,0,658,658,658,526,8,5,3,TA,1910,1996,Edwards,81000
1125,7200,352,410,1041,1125,0,6,6,6,TA,1976,1976,Edwards,125000
1479,9382,577,1468,1468,1479,0,6,7,5,Gd,1999,2000,CollgCr,191000
2332,12474,846,402,1682,1742,590,9,10,5,Ex,2007,2008,NridgHt,426000
1367,8405,384,229,861,961,406,7,5,8,TA,1900,1950,Edwards,119000
1961,12209,560,114,804,804,1157,7,6,5,Ex,2001,2002,Mitchel,215000
882,8339,294,0,0,882,0,5,5,7,,1959,1959,NAmes,106500
788,7446,0,522,788,788,0,4,4,5,TA,1941,1950,BrkSide,100000
1034,10134,240,735,735,735,299,5,5,6,TA,1940,1950,OldTown,109000
1144,9571,596,405,1144,1144,0,6,5,6,TA,1956,1956,Edwards,129000
894,7200,600,117,894,894,0,6,5,5,TA,1972,1972,CollgCr,123000
1812,7590,264,324,864,876,936,8,5,5,TA,1962,1962,NAmes,169500
1077,8967,338,961,961,1077,0,6,5,2,Fa,1920,1950,IDOTRR,67000
1550,8125,438,280,1092,1112,438,7,7,5,Gd,2006,2007,Somerst,241000
1288,14963,500,474,1260,1288,0,4,8,5,Gd,1996,1996,Veenker,245500
1310,8767,400,1286,1310,1310,0,6,7,5,Gd,2005,2005,CollgCr,164990
672,10200,240,672,672,672,0,4,5,8,TA,1940,1997,Sawyer,108000
2263,12090,420,1141,1141,1165,1098,10,8,5,Gd,1998,1998,NoRidge,258000
1572,10364,373,806,806,806,766,7,6,5,Gd,1995,1996,Gilbert,168000
1620,9991,490,165,1281,1620,0,8,4,4,TA,1976,1993,Sawyer,150000
1639,10480,240,1064,1064,1166,0,6,6,5,TA,1936,1950,SWISU,115000
1680,15576,308,840,840,840,840,8,6,7,Gd,1915,1976,Crawfor,177000
2172,14154,947,1063,1063,1071,1101,9,7,5,Ex,2006,2006,NridgHt,280000
2078,10800,836,245,1034,1050,1028,8,8,5,Ex,2007,2008,Somerst,339750
1276,9571,350,1276,1276,1276,0,5,5,3,TA,1958,1958,Edwards,60000
1056,34650,572,0,1056,1056,0,5,5,5,TA,1955,1955,Gilbert,145000
1478,4403,484,892,1470,1478,0,7,7,5,Ex,2009,2009,Somerst,222000
1028,8960,360,1008,1008,1028,0,5,5,6,TA,1927,1950,OldTown,115000
2097,11228,678,499,1080,1080,1017,9,7,5,Gd,1993,1993,SawyerW,228000
1340,8899,396,1316,1340,1340,0,6,7,5,Gd,2007,2007,Gilbert,181134
1400,7844,440,463,672,672,728,6,6,7,TA,1978,1978,Sawyer,149500
2624,22420,864,242,1370,1370,1254,10,6,6,Gd,1918,1950,Crawfor,239000
1134,8160,240,444,756,756,378,7,5,6,TA,1940,1950,Edwards,126000
1056,8450,304,281,1056,1056,0,6,5,6,TA,1968,1968,NAmes,142000
1344,7060,784,35,1344,1344,0,8,7,5,Gd,1997,1998,Mitchel,206300
1602,16635,529,356,1602,1602,0,8,6,7,Gd,1977,2000,NWAmes,215000
988,21750,520,988,988,988,0,4,5,5,TA,1954,1954,Mitchel,113000
2630,9200,696,484,1470,1470,1160,8,8,5,Gd,1998,1998,NoRidge,315000
1196,9000,297,580,1196,1196,0,6,6,5,Gd,1956,1956,NAmes,139000
1389,3378,240,651,651,707,682,6,7,8,TA,1946,1992,OldTown,135000
1644,12800,569,0,1518,1644,0,5,7,5,Gd,1989,1989,SawyerW,275000
907,8593,352,619,907,907,0,5,4,6,TA,1957,1957,NAmes,109008
1208,6762,628,544,1208,1208,0,6,7,5,Gd,2007,2007,CollgCr,195400
1412,11457,576,387,1392,1412,0,6,6,5,Gd,1988,1988,Timber,175000
987,1680,264,96,483,483,504,4,6,5,TA,1971,1971,BrDale,85400
1198,5586,0,901,901,1088,110,7,6,7,TA,1920,1998,OldTown,79900
1365,1920,440,294,765,765,600,6,5,5,TA,1971,1971,BrDale,122500
1604,10839,470,926,926,926,678,7,6,5,Gd,1997,1998,Gilbert,181000
630,1890,0,135,630,630,0,3,4,7,Gd,1972,1972,MeadowV,81000
1661,10667,550,70,799,827,834,6,7,6,Gd,1996,1996,CollgCr,212000
1118,4400,440,648,648,734,384,6,6,8,Fa,1920,1950,OldTown,116000
904,6000,180,884,884,904,0,4,6,7,TA,1926,2004,BrkSide,119000
694,4280,352,75,440,694,0,4,5,6,TA,1913,2002,Crawfor,90350
1196,12354,528,684,684,684,512,7,6,8,TA,1920,2000,Edwards,110000
2402,15431,672,788,3094,2402,0,10,10,5,Ex,2008,2008,NridgHt,555000
1440,12108,0,1307,1440,1440,0,8,4,4,TA,1955,1955,Edwards,118000
1573,6240,360,1078,1078,1128,445,8,5,7,TA,1930,1992,BrkSide,162900
1258,3922,648,1258,1258,1258,0,6,7,5,Ex,2006,2007,Blmngtn,172500
1908,8750,493,273,915,933,975,8,7,5,Gd,1994,1995,CollgCr,210000
1689,9855,480,1436,1436,1689,0,7,6,5,TA,1956,1956,Edwards,127500
1888,16492,578,557,1517,1888,0,6,6,6,TA,1966,2002,NAmes,190000
1886,11214,431,930,930,956,930,10,7,5,Gd,1998,1999,Gilbert,199900
1376,8600,198,780,780,780,596,7,6,6,TA,1937,1950,IDOTRR,119500
1183,6000,308,318,649,679,504,6,3,7,TA,1948,2002,OldTown,120000
813,5684,270,813,813,813,0,5,6,8,TA,1930,2005,OldTown,110000
1533,70761,576,878,1533,1533,0,5,7,5,Gd,1975,1975,ClearCr,280000
1756,9303,422,130,872,888,868,7,6,5,Ex,1996,1997,Timber,204000
1590,9000,676,768,768,786,804,6,8,5,Gd,2008,2008,Somerst,210000
1728,9297,560,122,1728,1728,0,8,5,5,TA,1976,1976,Mitchel,188000
1242,9600,528,326,1242,1242,0,6,7,6,TA,1973,1973,NWAmes,175500
1344,4571,513,624,624,624,720,7,5,5,TA,1916,1950,OldTown,98000
1663,53227,529,248,1364,1663,0,6,4,6,Gd,1954,1994,ClearCr,256000
1666,5100,228,588,588,833,833,7,8,7,TA,1925,1996,OldTown,161000
1203,7015,352,524,709,979,224,5,5,4,TA,1950,1950,BrkSide,110000
1935,8004,552,288,832,832,1103,8,8,5,Gd,2009,2009,Somerst,263435
1135,7200,576,0,560,575,560,6,7,9,Gd,1936,2007,SWISU,155000
864,8281,360,0,864,864,0,5,5,5,TA,1965,1965,Sawyer,62383
1660,11988,240,389,715,849,811,6,6,7,TA,1934,1995,Crawfor,188700
1040,8430,0,424,1040,1040,0,5,5,5,Gd,1978,1978,CollgCr,124000
1414,3072,398,1375,1375,1414,0,6,7,5,Gd,2004,2004,Blmngtn,178740
1277,10628,526,499,1277,1277,0,5,7,5,TA,1970,1970,NAmes,167000
1644,9480,312,342,728,888,756,7,5,7,TA,1942,1995,NAmes,146500
1634,11428,866,1626,1626,1634,0,7,8,5,Gd,2006,2006,NridgHt,250000
1710,9291,506,406,832,832,878,7,6,5,Gd,1993,1993,SawyerW,187000
1502,6820,528,0,1488,1502,0,4,8,5,Gd,1985,1985,StoneBr,212000
1969,11952,534,808,808,1161,808,8,7,6,Gd,1977,1977,NWAmes,190000
1072,3675,525,88,547,1072,0,5,6,5,Gd,2005,2005,Edwards,148000
1976,14977,908,626,1976,1976,0,7,8,5,Ex,2006,2007,NridgHt,440000
1652,5330,499,298,1494,1652,0,6,8,5,Gd,2000,2000,StoneBr,251000
970,8480,624,340,970,970,0,5,5,6,TA,1963,1963,Sawyer,132500
1493,13125,508,484,1478,1493,0,7,6,5,Gd,1997,1998,CollgCr,208900
2643,13693,694,2153,2153,2069,574,9,9,5,Gd,2006,2006,NridgHt,380000
1718,10637,826,417,1705,1718,0,7,8,5,Ex,2007,2008,CollgCr,297000
1131,5925,672,739,907,1131,0,7,4,7,Fa,1937,2000,OldTown,89471
1850,16033,772,572,1833,1850,0,8,9,5,Ex,2004,2005,NridgHt,326000
1792,11846,874,225,1792,1792,0,6,9,5,Ex,2003,2004,NridgHt,374000
1826,2500,164,611,910,916,910,7,7,8,TA,1915,2005,OldTown,155000
1216,4500,402,319,1216,1216,0,5,6,5,Ex,1998,1998,Mitchel,164000
999,7758,264,411,999,999,0,6,5,7,TA,1962,2001,Sawyer,132500
1113,9600,264,506,1113,1113,0,5,5,7,TA,1950,2007,NAmes,147000
1073,10289,515,237,1073,1073,0,6,5,7,TA,1965,1965,NAmes,156000
1484,12243,487,486,1484,1484,0,7,5,6,Gd,1971,1971,NWAmes,175000
2414,10800,520,290,954,1766,648,10,5,4,TA,1900,1970,OldTown,160000
630,1526,286,115,630,630,0,3,4,8,Gd,1970,2002,MeadowV,86000
1304,2665,336,264,264,616,688,4,5,6,Gd,1976,1976,MeadowV,115000
1578,9490,240,238,806,958,620,5,6,7,TA,1941,1950,NAmes,133000
1456,15578,429,728,728,728,728,8,6,5,Gd,2006,2006,Gilbert,172785
1269,7931,308,363,1269,1269,0,6,5,6,TA,1960,1960,NAmes,155000
886,5784,273,190,190,886,0,4,5,8,Fa,1938,1996,OldTown,91300
720,7879,0,225,720,720,0,4,4,5,TA,1920,1950,IDOTRR,34900
3228,12692,546,1969,3200,3228,0,10,8,5,Gd,1992,1993,NoRidge,430000
1820,9120,240,697,1026,1133,687,8,7,6,TA,1925,1950,BrkSide,184000
899,7800,288,414,864,899,0,5,5,7,TA,1967,2004,Sawyer,130000
912,7535,297,522,912,912,0,5,5,7,TA,1958,1985,NAmes,120000
1218,1890,264,316,672,672,546,7,6,5,TA,1973,1973,BrDale,113000
1768,9803,603,466,866,866,902,7,7,5,Gd,2005,2005,Somerst,226700
1214,9170,461,420,1214,1214,0,6,5,7,TA,1965,1965,Edwards,140000
1801,15602,484,254,1501,1801,0,6,7,8,TA,1959,1997,Crawfor,289000
1322,2308,440,103,855,855,467,6,6,5,TA,1974,1974,NPkVill,147000
1960,7596,400,960,960,960,1000,10,5,5,TA,1952,1952,OldTown,124500
1911,9554,471,397,777,1065,846,8,8,5,Gd,1993,1994,SawyerW,215000
1218,7862,676,1191,1218,1218,0,4,6,5,Gd,2009,2009,Somerst,208300
1378,9600,360,548,689,689,689,7,7,9,TA,1928,2005,OldTown,161000
1041,9600,270,50,1041,1041,0,6,5,6,TA,1959,1959,NAmes,124500
1363,14559,288,178,1008,1363,0,6,5,7,TA,1951,2000,NAmes,164900
1368,6792,474,1368,1368,1368,0,6,7,5,Gd,2005,2006,NridgHt,202665
864,9100,624,169,864,864,0,5,5,5,TA,1958,1958,NAmes,129900
1080,9187,484,748,1084,1080,0,5,6,5,TA,1983,1983,Mitchel,134000
789,10594,200,768,768,789,0,5,5,5,TA,1926,1950,Crawfor,96500
2020,12220,900,570,2006,2020,0,9,10,5,Ex,2009,2009,NridgHt,402861
2119,10448,583,689,689,1378,741,7,6,6,TA,1972,1972,NWAmes,158000
2344,10208,889,1264,1264,1277,1067,7,7,5,Gd,1996,1997,NoRidge,265000
1796,9531,546,88,794,882,914,7,6,5,Gd,1998,1998,CollgCr,211000
2080,10918,282,1276,1276,1276,804,9,7,9,Gd,1926,2004,Crawfor,234000
1294,10800,0,0,0,694,600,7,4,7,,1900,2000,OldTown,106250
1244,11988,336,467,1244,1244,0,6,6,6,TA,1957,1957,NAmes,150000
1664,5000,420,605,1004,1004,660,7,6,7,TA,1947,1950,BrkSide,159000
4676,40094,884,878,3138,3138,1538,11,10,5,Ex,2007,2008,Edwards,184750
2398,11787,834,660,1379,1383,1015,8,7,5,Gd,1996,1997,NoRidge,315750
1266,7500,453,1257,1257,1266,0,6,7,5,Gd,2005,2005,Somerst,176000
928,13300,252,551,928,928,0,4,5,7,Gd,1956,2000,NAmes,132000
2713,14948,858,122,1452,1476,1237,11,9,5,Ex,2008,2008,NridgHt,446261
605,9098,0,180,528,605,0,5,4,7,TA,1920,2002,Edwards,86000
2515,32668,484,816,2035,2515,0,9,6,3,TA,1957,1975,Crawfor,200624
1509,10200,600,678,1461,1509,0,5,6,5,Gd,1988,1989,Timber,175000
1362,6155,502,611,611,751,611,6,6,8,Fa,1920,1999,BrkSide,128000
827,7200,392,0,0,827,0,5,5,7,,1955,2007,NAmes,107500
334,5000,0,0,0,334,0,2,1,3,,1946,1950,BrkSide,39300
1414,9056,403,707,707,707,707,6,8,5,Ex,2004,2004,Gilbert,178000
1347,7000,0,148,1117,820,527,5,5,7,Gd,1910,1991,Edwards,107500
1724,8924,527,880,880,880,844,8,7,5,Gd,1998,1999,CollgCr,188000
864,12735,576,264,864,864,0,5,4,5,TA,1972,1972,NAmes,111250
1159,11553,336,378,1051,1159,0,7,5,5,TA,1968,1968,Sawyer,158000
1601,11423,670,223,1581,1601,0,6,8,5,Gd,2001,2002,CollgCr,272000
1838,14601,765,578,1838,1838,0,8,9,5,Ex,2006,2006,Timber,315000
2285,11000,648,969,969,997,1288,8,8,5,Gd,2000,2000,NoRidge,248000
1680,10140,583,379,1650,1680,0,7,7,5,Ex,1998,1999,NWAmes,213250
767,4058,367,0,723,767,0,4,7,5,Gd,1998,1998,NAmes,133000
1496,17104,426,100,654,664,832,7,7,5,Gd,2006,2006,Gilbert,179665
2183,13837,786,0,1204,1377,806,9,7,5,Gd,1988,1988,NWAmes,229000
1635,8737,440,765,1065,915,720,6,6,7,Gd,1923,1950,BrkSide,210000
768,7244,624,149,768,768,0,5,5,7,Gd,1970,1970,Mitchel,129500
825,8235,720,0,825,825,0,4,5,7,TA,1955,1995,OldTown,125000
2094,9375,615,912,912,912,1182,8,7,5,Gd,2003,2004,Somerst,263000
1069,4043,440,510,1069,1069,0,4,6,6,Gd,1977,1977,NPkVill,140000
928,6000,288,620,928,928,0,5,5,6,TA,1957,1957,OldTown,112500
1717,11146,908,1709,1709,1717,0,7,8,5,Ex,2006,2006,NridgHt,255500
1126,8777,520,0,0,1126,0,5,4,5,,1949,2003,Edwards,108000
2046,10625,871,132,998,1006,1040,8,7,5,Gd,2003,2004,NridgHt,284000
1048,6380,280,993,993,1048,0,5,5,6,TA,1922,1950,BrkSide,113000
1092,14850,299,197,1092,1092,0,6,5,5,TA,1957,1957,NAmes,141000
1336,11040,570,0,637,897,439,7,4,6,TA,1920,1950,IDOTRR,108000
1446,21872,406,125,729,729,717,6,7,5,Gd,1996,1997,Gilbert,175000
1557,3196,420,1374,1374,1557,0,7,7,5,Gd,2003,2004,Blmngtn,234000
1392,11341,528,90,1392,1392,0,5,5,6,Gd,1957,1996,Sawyer,121500
1389,10010,418,195,1389,1389,0,6,5,5,Gd,1974,1975,Mitchel,170000
996,13907,0,706,996,996,0,6,5,6,TA,1940,1969,Edwards,108000
1674,21780,396,1163,1163,1163,511,8,6,7,Gd,1918,1950,Edwards,185000
2295,13346,590,367,1095,1166,1129,9,7,5,Gd,1992,2000,NoRidge,268000
1647,6858,216,806,806,841,806,6,6,4,Gd,1915,1950,SWISU,128000
2504,11198,656,1122,1122,1134,1370,11,9,5,Gd,2005,2007,StoneBr,325000
1535,10171,532,1515,1517,1535,0,7,7,5,Gd,2004,2004,NridgHt,214000
2132,12327,612,55,1496,1496,636,5,8,8,Gd,1983,2009,SawyerW,316600
943,7032,600,0,943,943,0,4,5,5,Gd,1979,1979,NAmes,135960
1728,13101,576,1497,1728,1728,0,10,5,5,TA,1965,1965,NAmes,142600
864,7332,288,450,864,864,0,4,6,6,TA,1959,1959,NAmes,120000
1692,13159,650,846,846,846,846,6,7,5,Ex,2009,2009,Timber,224500
1430,9967,400,384,384,774,656,8,7,5,Gd,2000,2000,Gilbert,170000
1109,10500,288,23,372,576,533,5,5,7,TA,1971,2005,NAmes,139000
1216,8480,336,390,832,832,384,6,5,5,TA,1947,1950,NAmes,118500
1477,6292,216,861,861,877,600,6,7,7,TA,1928,1950,SWISU,145000
1320,11777,564,285,1164,1320,0,6,5,6,TA,1966,1966,Sawyer,164500
1392,3604,540,689,689,703,689,5,7,5,Gd,2007,2007,Somerst,146000
1795,12150,352,1050,1050,1050,745,7,5,5,TA,1954,1954,OldTown,131500
1429,14585,572,331,1144,1429,0,7,6,6,TA,1960,1987,NAmes,181900
2042,12704,1390,2042,2042,2042,0,8,8,5,Ex,2008,2009,NridgHt,253293
816,11841,0,0,816,816,0,5,6,5,Gd,1990,1990,Edwards,118500
2775,13500,880,1237,1237,1521,1254,9,10,9,TA,1893,2000,OldTown,325000
1573,6120,240,884,884,989,584,6,4,7,TA,1935,1995,BrkSide,133000
2028,11443,880,408,1868,2028,0,7,8,5,Ex,2005,2006,Timber,369900
838,10267,275,0,816,838,0,5,6,7,TA,1918,2000,BrkSide,130000
860,8740,528,168,840,860,0,4,5,6,TA,1982,1982,Sawyer,137000
1473,25095,452,113,1437,1473,0,5,5,8,TA,1968,2003,ClearCr,143000
935,9100,308,742,742,779,0,4,5,6,TA,1930,1960,BrkSide,79500
1582,8320,520,280,770,770,812,6,7,5,Gd,2004,2004,CollgCr,185900
2296,13478,842,384,1722,1728,568,10,10,5,Ex,2008,2008,NridgHt,451950
816,6600,816,0,816,816,0,4,5,8,TA,1982,2003,Mitchel,138000
848,4435,420,163,848,848,0,4,6,5,Gd,2003,2003,CollgCr,140000
924,7990,280,924,924,924,0,5,5,6,Gd,1975,1975,CollgCr,110000
1826,11302,758,392,1814,1826,0,7,8,5,Gd,2005,2006,StoneBr,319000
1368,3600,216,684,684,684,684,7,6,7,TA,1910,1993,OldTown,114504
1402,3922,648,1258,1258,1402,0,7,7,5,Ex,2006,2007,Blmngtn,194201
1647,12984,621,0,1430,1647,0,7,5,6,Gd,1977,1977,Crawfor,217500
1556,1950,452,23,716,716,840,6,6,6,Gd,1980,1980,Blueste,151000
1904,10927,736,512,1058,1058,846,8,8,5,Gd,2005,2005,NridgHt,275000
1375,9000,544,780,780,780,595,6,6,6,TA,1937,1950,IDOTRR,141000
1915,10041,506,119,908,927,988,8,8,5,Gd,1992,1992,SawyerW,220000
1200,3182,480,600,600,600,600,4,7,5,Gd,2004,2005,Somerst,151000
1494,12803,530,572,1494,1494,0,6,7,5,Gd,2002,2002,CollgCr,221000
1986,13600,486,314,768,1186,800,7,7,6,TA,1965,1990,NAmes,205000
1040,12464,576,308,1040,1040,0,6,5,5,Gd,1996,1996,CollgCr,152000
2008,7800,230,293,896,1112,896,8,5,8,TA,1948,2002,Edwards,225000
3194,12168,380,537,965,1940,1254,10,8,6,Gd,1934,1998,Crawfor,359100
1029,7943,261,126,1029,1029,0,5,4,5,TA,1961,1961,Sawyer,118500
2153,11050,736,536,1440,1476,677,8,9,5,Ex,2000,2000,CollgCr,313000
1032,10395,564,427,1032,1032,0,6,6,6,Gd,1978,1978,NWAmes,148000
1872,11885,531,309,1299,1299,573,7,8,5,Gd,2001,2001,CollgCr,261500
1120,8402,0,914,1120,1120,0,6,5,5,Gd,2007,2007,Mitchel,147000
630,1491,0,0,630,630,0,3,4,6,Gd,1972,1972,MeadowV,75500
1054,8800,480,173,936,1054,0,6,6,7,TA,1963,1963,NAmes,137500
1509,7861,393,326,783,807,702,7,6,5,Gd,2002,2003,Gilbert,183200
832,7227,528,832,832,832,0,4,6,6,TA,1954,1954,NAmes,105500
1828,11694,774,1774,1822,1828,0,9,9,5,Ex,2007,2007,NridgHt,314813
2262,12244,749,611,1482,1482,780,10,8,5,Gd,2003,2003,Timber,305000
864,8248,0,823,864,864,0,5,3,3,TA,1914,1950,Edwards,67000
2614,10800,624,384,1522,1548,1066,9,6,7,TA,1974,1997,NWAmes,240000
980,7064,484,420,980,980,0,6,5,6,TA,1977,1977,Sawyer,135000
1512,2117,440,336,756,756,756,4,6,5,Gd,2000,2000,Somerst,168500
1790,10400,484,485,732,1012,778,8,6,5,TA,1972,1972,NWAmes,165150
1116,10000,440,1116,1116,1116,0,5,6,6,TA,1962,1962,NAmes,160000
1422,12342,286,978,978,1422,0,6,5,5,TA,1960,1978,NAmes,139900
1520,9600,364,350,1156,1520,0,7,6,6,TA,1955,1972,NAmes,153000
2080,11606,504,390,1040,1040,1040,9,5,5,Gd,1969,1969,NAmes,135000
1350,9020,520,288,1248,1350,0,6,6,5,TA,1964,1964,NAmes,168500
1750,9000,240,636,636,1089,661,8,5,6,Fa,1880,1991,OldTown,124000
1554,4590,627,1530,1554,1554,0,6,8,5,Gd,2006,2006,NridgHt,209500
1411,11900,544,564,1386,1411,0,6,7,5,TA,1977,1977,NWAmes,82500
1056,9250,260,108,1056,1056,0,6,5,7,TA,1954,2005,NAmes,139400
1056,6979,576,0,1056,1056,0,4,6,5,TA,1980,1980,OldTown,144000
3395,10896,0,1184,1440,1440,1440,14,6,7,TA,1914,1995,SWISU,200000
800,6120,0,264,264,800,0,4,2,3,TA,1936,1950,BrkSide,60000
1387,6000,256,811,811,811,576,7,5,4,TA,1954,1954,OldTown,93000
796,8777,0,796,796,796,0,4,5,7,Fa,1910,1950,Edwards,85000
1567,3982,648,366,1520,1567,0,7,8,5,Gd,2006,2006,Blmngtn,264561
1518,12677,588,300,1518,1518,0,6,8,5,Ex,2003,2004,NridgHt,274000
1929,7050,650,319,1057,1057,872,7,7,5,Gd,2001,2001,Somerst,226000
2704,13860,538,542,1952,2000,704,9,8,7,Gd,1972,1995,NAmes,345000
1620,10793,462,0,780,780,840,7,5,5,TA,1969,1969,NWAmes,152000
1766,9187,478,645,1766,1766,0,7,9,5,Ex,2009,2009,Somerst,370878
981,10530,576,664,981,981,0,5,6,5,TA,1971,1971,NAmes,143250
1048,7200,420,0,0,1048,0,7,5,5,,1950,1950,NAmes,98300
1094,10452,495,594,1094,1094,0,5,6,5,TA,1953,1953,Edwards,155000
1839,7700,442,756,756,1051,788,7,6,5,TA,1966,1966,NAmes,155000
630,1936,0,0,630,630,0,3,4,6,Gd,1970,1970,MeadowV,84500
1665,8125,562,813,813,822,843,7,7,6,Gd,2007,2007,Somerst,205950
1510,9084,296,755,755,755,755,7,4,5,TA,1940,1950,Edwards,108000
1716,8750,512,880,880,909,807,7,7,5,Gd,1996,1996,CollgCr,191000
1469,10320,216,756,756,756,713,7,6,7,TA,1906,1995,IDOTRR,135000
2113,10437,839,413,2109,2113,0,7,8,6,Gd,1995,1995,NoRidge,350000
1092,1680,264,525,525,525,567,6,6,5,TA,1971,1971,BrDale,88000
1053,10007,312,247,1053,1053,0,5,5,7,TA,1959,2006,NAmes,145500
1502,7200,270,776,776,851,651,6,7,6,Gd,1931,2000,Crawfor,149000
1458,17503,330,912,912,912,546,6,6,5,TA,1948,1950,NAmes,97500
1486,9937,480,849,1486,1486,0,7,5,7,TA,1964,1999,Edwards,167000
1935,12384,550,793,793,1142,793,7,7,7,Gd,1976,1976,NWAmes,197900
2448,46589,711,88,1629,1686,762,8,8,7,Gd,1994,2005,NoRidge,402000
1392,13560,576,1392,1392,1392,0,5,6,3,Fa,1968,1968,NAmes,110000
1181,10012,588,38,1138,1181,0,6,4,5,Gd,1972,1972,Edwards,137500
2097,20896,1134,356,2077,2097,0,8,8,5,Ex,2005,2006,Somerst,423000
1936,11194,504,1406,1406,1454,482,7,8,5,Gd,2000,2000,Gilbert,230500
2380,18450,596,111,1021,1465,915,7,6,5,Gd,1965,1979,NAmes,129000
1679,8125,575,270,1408,1679,0,7,6,5,Gd,1994,1998,SawyerW,193500
1437,14175,576,200,1188,1437,0,6,5,6,TA,1956,1987,Sawyer,168000
1180,11600,252,700,700,1180,0,5,4,5,Fa,1922,1950,Crawfor,137500
1476,8633,540,545,738,738,738,7,6,5,Gd,2005,2005,CollgCr,173500
1369,6629,300,121,672,697,672,6,6,6,TA,1925,1950,Edwards,103600
1208,11250,546,441,1208,1208,0,6,6,6,Gd,1977,1977,Veenker,165000
1839,14442,416,291,1477,1839,0,7,6,7,TA,1957,2004,Crawfor,257500
1136,9200,384,244,1136,1136,0,5,6,6,TA,1965,1965,NAmes,140000
1441,2289,440,544,855,855,586,7,6,6,TA,1978,1978,NPkVill,148500
1774,9600,779,1095,1095,1095,679,8,4,2,TA,1900,1950,OldTown,87000
792,9022,240,768,768,792,0,5,5,8,TA,1924,2006,OldTown,109500
2046,11844,834,2046,2046,2046,0,7,8,5,Ex,2008,2008,StoneBr,372500
988,9945,572,161,988,988,0,5,5,5,TA,1961,1961,Sawyer,128500
923,8012,264,261,923,923,0,5,6,5,Gd,1980,1980,SawyerW,143000
1520,4500,281,611,793,848,672,6,5,5,TA,1932,2000,SWISU,159434
1291,2887,431,288,1291,1291,0,6,6,5,Gd,1996,1997,ClearCr,173000
1668,11248,702,567,1626,1668,0,7,9,5,Gd,2002,2002,CollgCr,285000
1839,16770,486,1195,1195,1195,644,7,7,5,Gd,1998,1998,NoRidge,221000
2090,5062,577,180,1190,1190,900,6,7,5,Gd,1984,1984,StoneBr,207500
1761,10207,578,874,874,874,887,7,7,6,Gd,2007,2007,Somerst,227875
1102,5105,480,312,551,551,551,4,7,5,Gd,2004,2004,Somerst,148800
1419,8089,567,474,1419,1419,0,7,8,6,Gd,2007,2007,StoneBr,392000
1362,7577,460,1342,1362,1362,0,6,6,5,Gd,2005,2006,NridgHt,194700
848,4426,420,151,848,848,0,3,6,5,Gd,2004,2004,CollgCr,141000
4316,21535,832,989,2444,2444,1872,10,10,6,Ex,1994,1995,NoRidge,755000
2519,26178,628,245,1210,1238,1281,9,7,5,Gd,1989,1990,Timber,335000
1073,5400,326,1073,1073,1073,0,4,5,6,TA,1921,1968,OldTown,108480
1539,6120,576,927,927,1067,472,5,5,6,TA,1936,1950,BrkSide,141500
1137,13811,551,92,1112,1137,0,5,6,6,Gd,1987,1987,Timber,176000
616,6000,205,0,616,616,0,4,5,7,TA,1921,1950,BrkSide,89000
1148,6420,308,219,980,1148,0,6,5,7,Ex,1952,1952,Edwards,123500
894,8450,336,224,894,894,0,5,5,8,TA,1965,2009,Sawyer,138500
1391,4282,530,1375,1391,1391,0,5,7,5,Gd,2004,2004,Somerst,196000
1800,14331,765,526,1800,1800,0,7,8,5,Ex,2002,2002,Timber,312500
1164,9600,528,1164,1164,1164,0,6,7,5,TA,1969,1969,NWAmes,140000
2576,12438,666,1234,1234,1264,1312,10,8,5,Ex,2006,2006,StoneBr,361919
1812,7630,672,360,360,1032,780,8,5,9,Gd,1900,1996,OldTown,140000
1484,8400,606,761,1473,1484,0,7,7,5,Gd,2004,2005,CollgCr,213000
1092,5600,0,0,0,372,720,7,4,5,,1930,1950,IDOTRR,55000
1824,115149,739,424,1643,1824,0,5,7,5,Gd,1971,2002,ClearCr,302000
1324,6240,550,461,1324,1324,0,6,8,5,Gd,2006,2006,NridgHt,254000
1456,9018,400,728,728,728,728,8,7,5,Gd,2007,2007,Gilbert,179540
904,7162,408,876,876,904,0,6,5,7,TA,1966,1966,Sawyer,109900
729,4130,0,270,270,729,0,5,3,6,TA,1935,2003,BrkSide,52000
1178,8712,384,859,859,859,319,7,4,7,TA,1900,1950,IDOTRR,102776
1228,4671,472,461,1228,1228,0,5,8,5,Gd,1988,1989,StoneBr,189000
960,9873,576,171,960,960,0,6,4,5,TA,1970,1970,BrkSide,129000
1479,13517,475,192,725,725,754,6,6,8,TA,1976,2005,Sawyer,130500
1350,10140,478,1064,1064,1350,0,7,6,5,Gd,1974,1974,NWAmes,165000
2554,10800,704,718,718,1576,978,8,7,8,TA,1890,1998,OldTown,159500
1178,10000,439,92,1176,1178,0,5,5,6,Gd,1973,2000,NWAmes,157000
2418,10542,983,138,1311,1325,1093,9,7,5,Gd,1993,1994,NoRidge,341000
971,9920,300,448,971,971,0,5,5,6,Gd,1969,1969,CollgCr,128500
1742,6563,564,594,1742,1742,0,5,8,5,Gd,1985,1985,StoneBr,275000
848,4426,420,186,848,848,0,3,6,5,Gd,2004,2004,CollgCr,143000
864,8120,463,673,864,864,0,5,4,7,TA,1970,1970,NAmes,124500
1470,8172,548,941,941,997,473,7,4,6,TA,1954,1972,Edwards,135000
1698,13286,768,464,1698,1698,0,8,9,5,Ex,2007,2008,Edwards,320000
864,6960,660,250,864,864,0,5,4,6,TA,1970,1970,NAmes,120500
1680,21695,540,72,880,1680,0,5,6,9,Gd,1988,2007,Crawfor,222000
1232,7314,632,508,1232,1232,0,6,7,5,Gd,2007,2007,CollgCr,194500
1776,11475,888,1584,1584,1776,0,9,5,5,TA,1958,1958,NAmes,110000
1208,6240,539,628,780,848,0,5,4,5,TA,1925,1950,IDOTRR,103000
1616,5389,608,415,1595,1616,0,5,8,5,Gd,1995,1996,StoneBr,236500
1146,9590,438,82,868,1146,0,6,7,5,Ex,2003,2003,Timber,187500
2031,11404,541,901,1153,1153,878,8,7,5,Gd,1998,1999,CollgCr,222500
1144,10000,264,270,864,1144,0,6,5,6,TA,1961,1983,Sawyer,131400
948,8978,300,948,948,948,0,6,5,5,TA,1968,1968,Sawyer,108000
1768,10800,320,490,880,880,888,6,7,7,Gd,1914,1970,OldTown,163000
1040,8544,400,0,0,1040,0,6,3,4,,1950,1950,NAmes,93500
1801,10463,800,893,893,901,900,8,8,5,Gd,2005,2005,Gilbert,239900
1200,10800,0,0,1200,1200,0,5,5,5,Gd,1987,1988,Edwards,179000
1728,9313,572,864,864,864,864,7,7,5,Gd,2004,2004,CollgCr,190000
1432,9600,360,264,264,768,664,7,5,7,Fa,1910,2002,OldTown,132000
912,6768,288,80,912,912,0,5,6,8,TA,1961,1996,Sawyer,142000
1349,8450,539,1349,1349,1349,0,6,7,5,Gd,2000,2001,SawyerW,179000
1464,12886,480,76,520,1464,0,6,5,6,Gd,1963,1999,Sawyer,175000
1337,5395,462,604,1337,1337,0,5,8,5,Gd,1993,1993,StoneBr,180000
2715,8963,831,487,1142,1175,1540,11,8,9,TA,1976,1996,NWAmes,299800
2256,8795,554,652,952,980,1276,8,7,5,Gd,2000,2000,Gilbert,236000
2640,11700,864,1240,1240,1320,1320,8,7,7,TA,1880,2003,OldTown,265979
1720,10593,527,801,1720,1720,0,7,7,5,Gd,1996,1996,NoRidge,260400
1529,8405,240,0,0,1088,441,9,4,3,,1945,1950,Edwards,98000
1140,8800,0,576,576,792,348,7,4,7,TA,1910,2004,OldTown,96500
1320,7750,400,660,660,660,660,6,7,5,Gd,2003,2003,Gilbert,162000
1494,9236,576,279,1479,1494,0,6,6,5,Gd,1997,1997,CollgCr,217000
2098,10240,878,1030,1030,1038,1060,8,8,5,Gd,2005,2005,NridgHt,275500
1026,7930,440,115,1026,1026,0,5,6,8,TA,1969,2005,NAmes,156000
1471,3230,440,348,729,742,729,6,6,5,Gd,1999,1999,Somerst,172500
1768,10769,578,846,866,866,902,7,8,5,Gd,2007,2007,CollgCr,212000
1386,11616,440,234,672,672,714,6,6,5,TA,1978,1978,Sawyer,158900
1501,2280,440,195,744,757,744,6,7,5,Gd,1999,1999,Somerst,179400
2531,12257,752,1198,1318,1328,1203,9,8,5,Gd,1995,1995,NoRidge,290000
864,9100,300,252,864,864,0,5,6,6,TA,1959,1959,NAmes,127500
1301,6911,440,740,1145,1301,0,5,5,5,TA,1924,1950,BrkSide,100000
1547,8640,614,732,756,764,783,7,7,5,Gd,2009,2009,Somerst,215200
2365,9430,856,89,1252,1268,1097,8,8,5,Gd,1999,1999,NoRidge,337000
1494,9549,481,0,1494,1494,0,6,8,5,Gd,1995,1996,Veenker,270000
1506,14587,592,1498,1498,1506,0,6,9,5,Gd,2008,2008,Somerst,264132
1714,10421,496,586,980,980,734,7,7,5,Gd,1988,1988,NWAmes,196500
1750,12508,423,323,983,983,767,7,6,7,Gd,1940,1985,Mitchel,160000
1836,9100,484,1836,1860,1836,0,8,7,5,Gd,2004,2005,CollgCr,216837
3279,53504,841,234,1650,1690,1589,12,8,5,Gd,2003,2003,StoneBr,538000
858,7252,576,173,858,858,0,5,5,5,Gd,1982,1982,Sawyer,134900
1220,8877,396,0,836,1220,0,6,4,5,Fa,1951,1951,Edwards,102000
1117,7819,672,480,1029,1117,0,6,6,5,TA,1976,1976,Edwards,107000
912,10150,275,456,912,912,0,5,5,5,TA,1958,1958,NAmes,114500
1973,14226,895,1935,1935,1973,0,9,8,5,Gd,2006,2006,NridgHt,395000
1204,4500,412,338,1204,1204,0,5,6,5,Ex,1998,1998,Mitchel,162000
1614,11210,865,1594,1614,1614,0,7,7,5,Gd,2005,2006,CollgCr,221500
894,13350,440,102,864,894,0,5,5,5,TA,1974,1974,Sawyer,142500
2020,8400,630,0,0,2020,0,10,5,5,,1977,1977,SawyerW,144000
1004,10530,504,0,975,1004,0,4,6,5,Gd,1977,1977,Mitchel,135000
1253,7875,402,1237,1237,1253,0,6,7,5,Gd,1995,1996,Gilbert,176000
1603,7153,484,374,761,810,793,7,6,5,Gd,1992,1992,SawyerW,175900
1430,16285,605,1413,1413,1430,0,6,7,5,Gd,2001,2002,CollgCr,187100
1110,9101,602,0,1097,1110,0,4,5,6,Gd,1978,1978,Mitchel,165500
1484,6300,0,742,742,742,742,9,6,6,TA,1914,2001,OldTown,128000
1342,9790,457,491,1372,1342,0,7,6,5,TA,1967,1967,NWAmes,161500
1652,10800,416,0,686,966,686,7,5,6,Fa,1915,1950,OldTown,139000
2084,10142,618,300,956,956,1128,8,7,5,Gd,2004,2004,SawyerW,233000
901,6000,281,901,901,901,0,4,4,7,TA,1954,2000,OldTown,107900
2087,12205,444,264,832,976,1111,9,6,8,TA,1966,2007,ClearCr,187500
1145,3182,397,1129,1145,1145,0,5,7,5,Gd,2005,2006,Blmngtn,160200
1062,11333,539,490,1029,1062,0,5,6,5,Gd,1976,1976,Mitchel,146800
2013,9920,455,255,1117,1127,886,8,7,5,Gd,1996,1997,NoRidge,269790
1496,9158,474,1496,1496,1496,0,7,8,5,Gd,2007,2007,Somerst,225000
1895,10832,409,712,712,1086,809,7,7,5,Gd,1994,1996,Gilbert,194500
1564,8400,476,650,650,888,676,7,6,6,Gd,1980,1981,SawyerW,171000
1285,8197,528,660,660,1285,0,7,6,5,TA,1977,1977,Sawyer,143500
773,7677,240,203,773,773,0,4,5,5,TA,1953,1953,NAmes,110000
3140,13518,820,1926,1926,1966,1174,11,9,5,Ex,2008,2009,NridgHt,485000
1768,7200,240,162,731,981,787,7,5,7,Gd,1937,1950,SWISU,175000
1688,12798,603,154,616,616,1072,8,6,5,Gd,1997,1997,ClearCr,200000
1196,4800,440,999,1196,1196,0,5,4,7,TA,1916,1990,IDOTRR,109900
1456,8199,410,80,728,728,728,7,7,5,Gd,2005,2005,CollgCr,189000
2822,13891,1020,1734,1734,1734,1088,12,9,5,Ex,2008,2009,NridgHt,582933
1128,9000,286,124,936,1128,0,5,5,5,TA,1954,1954,NAmes,118000
1428,12274,554,1417,1417,1428,0,6,7,5,Gd,2008,2008,Somerst,227680
980,9750,384,100,980,980,0,6,5,5,TA,1967,1967,NAmes,135500
1576,21384,528,15,1324,1072,504,6,5,6,TA,1923,2004,BrkSide,223500
1086,13400,484,380,1024,1086,0,6,5,5,TA,1966,1966,NAmes,159950
2138,8100,360,849,849,1075,1063,11,5,5,TA,1898,1965,OldTown,106000
1309,10140,484,0,1040,1309,0,5,6,6,TA,1974,1999,NWAmes,181000
848,4438,420,186,848,848,0,4,6,5,Gd,2004,2004,CollgCr,144500
1044,8712,504,540,540,1044,0,4,5,5,TA,1952,1952,IDOTRR,55993
1442,9750,301,834,1442,1442,0,7,6,6,TA,1958,1958,NAmes,157900
1250,8248,280,686,686,686,564,7,5,7,TA,1918,1950,Edwards,116000
1661,12137,598,1649,1649,1661,0,6,7,5,Gd,1998,1998,CollgCr,224900
1008,11425,275,522,1008,1008,0,4,5,6,TA,1954,1954,NAmes,137000
1689,13265,857,350,1568,1689,0,7,8,5,Gd,2002,2002,Mitchel,271000
1052,8816,440,506,1010,1052,0,6,6,7,TA,1971,1971,ClearCr,155000
1358,6371,484,625,1358,1358,0,6,7,5,Gd,2009,2010,NridgHt,224000
1640,7226,595,798,798,798,842,6,7,5,Gd,2003,2003,CollgCr,183000
936,6000,576,936,936,936,0,4,4,4,Fa,1953,1953,OldTown,93000
1733,12394,433,847,847,847,886,7,7,5,Gd,2003,2003,Gilbert,225000
1489,9900,240,778,778,944,545,7,6,7,TA,1940,1950,SWISU,139500
1489,11216,776,1489,1489,1489,0,7,8,5,Gd,2006,2006,Somerst,232600
2084,14803,1220,442,2078,2084,0,7,10,5,Ex,2007,2008,NridgHt,385000
784,6130,0,0,784,784,0,5,5,6,TA,1924,1950,BrkSide,109500
1434,8529,527,1434,1454,1434,0,6,7,5,Gd,2001,2001,SawyerW,189000
2126,28698,538,0,1013,1160,966,7,5,5,TA,1967,1967,ClearCr,185000
1223,2544,480,600,600,520,623,4,7,5,Gd,2005,2005,Somerst,147400
1392,11900,458,352,1392,1392,0,6,6,5,TA,1957,1957,NAmes,166000
1200,3180,480,600,600,520,600,4,7,5,Gd,2005,2005,Somerst,151000
1829,9548,613,458,941,941,888,7,7,6,Gd,2003,2003,CollgCr,237000
1516,10004,472,975,1516,1516,0,6,6,6,TA,1964,1964,NAmes,167000
1144,7875,456,572,1144,1144,0,6,5,6,TA,1961,1961,NAmes,139950
1067,9600,436,625,1067,1067,0,4,4,7,Gd,1950,1995,Sawyer,128000
1559,8100,812,1221,1559,1559,0,5,5,6,TA,1948,1973,OldTown,153500
987,1680,264,153,483,483,504,5,6,5,TA,1973,1973,BrDale,100000
1099,9525,352,1099,1099,1099,0,6,5,6,Gd,1995,2006,CollgCr,144000
1200,11767,240,416,768,768,432,6,5,6,TA,1946,1995,Edwards,130500
1482,12155,400,516,672,810,672,7,6,8,TA,1925,1950,SWISU,140000
1539,10440,686,650,650,958,581,8,5,8,TA,1904,2002,OldTown,157500
1165,9020,490,276,1127,1165,0,6,6,7,TA,1966,1966,NAmes,174900
1800,8000,0,1800,1800,1800,0,10,5,4,TA,1961,1961,NAmes,141000
1416,12665,720,876,876,876,540,7,5,8,TA,1915,1950,OldTown,153900
1701,16647,611,0,1390,1701,0,6,5,5,Gd,1975,1981,Sawyer,171000
1775,9317,425,227,740,1006,769,7,7,5,Gd,1993,1993,SawyerW,213000
864,15523,338,404,864,864,0,5,5,6,TA,1972,1972,CollgCr,133500
2358,45600,360,907,907,1307,1051,10,6,8,TA,1908,1997,ClearCr,240000
1855,9600,512,528,528,1094,761,7,6,7,TA,1976,1994,Veenker,187000
848,4435,420,189,848,848,0,3,6,5,Gd,2003,2003,CollgCr,131500
1456,3196,400,1273,1273,1456,0,7,8,5,Gd,2003,2003,Blmngtn,215000
1646,7128,240,554,918,918,728,7,7,5,TA,1941,1950,Crawfor,164000
1445,12095,645,563,1127,1445,0,7,6,6,TA,1964,1964,NAmes,158000
1779,17920,454,372,1763,1779,0,6,5,4,TA,1955,1974,Sawyer,170000
1040,6897,260,381,1040,1040,0,6,5,8,TA,1962,2010,Sawyer,127000
1026,10970,576,0,940,1026,0,5,6,6,Gd,1978,1978,CollgCr,147000
1481,8125,343,702,702,702,779,6,6,5,Gd,1994,1995,Gilbert,174000
1370,10400,479,1090,1090,1370,0,6,7,5,Gd,1976,1976,NWAmes,152000
2654,11029,619,435,1054,1512,1142,9,6,7,TA,1968,1984,NWAmes,250000
1426,7642,216,912,912,912,514,7,7,8,TA,1918,1998,Crawfor,189950
1039,11625,504,198,1039,1039,0,6,5,4,TA,1965,1965,Sawyer,131500
1097,9672,480,702,1040,1097,0,6,6,5,Gd,1984,1985,SawyerW,152000
1148,7931,672,0,1148,1148,0,6,5,5,TA,1959,1959,NAmes,132500
1372,8640,529,1372,1372,1372,0,6,7,5,Ex,2007,2008,Somerst,250580
1002,8750,902,174,1002,1002,0,5,5,6,TA,1970,1970,NAmes,148500
1646,10656,870,1638,1638,1646,0,6,8,5,Gd,2006,2007,Timber,248900
1120,6970,544,108,1040,1120,0,5,4,5,TA,1961,1961,Sawyer,129000
2320,14762,672,0,0,1547,720,7,5,6,,1948,1950,Gilbert,169000
1949,9938,574,300,1050,1062,887,8,7,5,Gd,1993,1994,SawyerW,236000
894,6600,308,894,894,894,0,5,5,5,TA,1962,1962,NAmes,109500
1682,8750,523,299,804,804,878,7,6,5,Gd,1998,1998,CollgCr,200500
910,8892,414,105,105,910,0,5,5,7,TA,1953,1996,NAmes,116000
1268,12144,288,457,832,1036,0,6,5,7,TA,1949,1950,NAmes,133000
1131,5720,200,676,676,676,455,5,5,6,TA,1941,1950,OldTown,66500
2610,9000,550,1120,1184,1184,1426,11,8,5,Gd,2007,2007,Somerst,303477
1040,25286,648,431,1064,1040,0,5,4,5,TA,1963,1963,Mitchel,132250
2224,8834,738,292,1462,1462,762,10,9,5,Ex,2004,2005,NridgHt,350000
1155,11782,576,210,1109,1155,0,6,5,7,TA,1961,1995,Sawyer,148000
864,7000,336,218,864,864,0,6,5,8,TA,1978,2005,CollgCr,136500
1090,7024,450,110,1090,1090,0,5,5,5,Ex,2005,2006,Edwards,157000
1717,13758,400,254,1156,1187,530,7,7,5,Gd,1990,1991,Timber,187500
1593,9636,389,808,808,808,785,7,6,5,Gd,1992,1993,Gilbert,178000
2230,6204,440,795,795,954,795,10,4,5,TA,1912,1950,SWISU,118500
892,7150,288,460,892,892,0,5,5,5,TA,1967,1967,NAmes,100000
1709,5119,506,460,1698,1709,0,5,9,5,Ex,1999,2000,Somerst,328900
1712,8393,588,1098,1626,1712,0,8,5,5,TA,1959,2005,NAmes,145000
1393,16466,300,816,816,872,521,8,5,7,TA,1955,1955,Edwards,135500
2217,15865,621,1043,2217,2217,0,8,8,6,TA,1970,1970,NAmes,268000
1505,12160,505,481,1505,1505,0,6,6,4,TA,1953,1953,NAmes,149500
924,8064,576,672,672,672,252,6,5,7,TA,1949,2006,NAmes,122900
1683,11184,440,192,918,918,765,7,6,5,TA,1978,1978,Sawyer,172500
1068,8414,264,396,1059,1068,0,6,6,8,TA,1963,2003,Sawyer,154500
1383,13284,354,319,1383,1383,0,6,5,5,Gd,1954,1954,Sawyer,165000
1535,7018,400,0,0,1535,0,8,5,5,,1979,1979,SawyerW,118858
1796,7056,483,380,780,983,813,8,6,5,TA,1963,1963,NAmes,140000
951,8765,327,666,951,951,0,6,4,6,TA,1936,1950,IDOTRR,106500
2240,7018,528,0,0,1120,1120,12,5,5,,1979,1979,SawyerW,142953
2364,12919,820,142,2330,2364,0,11,9,5,Ex,2009,2010,NridgHt,611657
1236,6993,288,447,912,1236,0,6,5,7,TA,1961,1994,Sawyer,135000
858,7340,684,536,858,858,0,4,4,6,TA,1971,1971,NAmes,110000
1306,8712,756,132,992,1306,0,5,5,7,TA,1957,2000,NAmes,153000
1509,7875,393,783,783,807,702,8,7,5,Gd,2003,2003,Gilbert,180000
1670,14859,690,1670,1670,1670,0,7,7,5,Gd,2006,2006,Gilbert,240000
902,6173,288,277,876,902,0,6,5,6,TA,1967,1967,Sawyer,125500
1063,9920,280,412,1056,1063,0,6,5,5,TA,1954,1954,NAmes,128000
1636,13501,865,1560,1623,1636,0,8,8,5,Gd,2006,2006,Somerst,255000
2057,11500,180,794,1017,1020,1037,6,7,7,Gd,1936,1987,Crawfor,250000
902,8885,484,239,864,902,0,5,5,5,Gd,1983,1983,Mitchel,131000
1484,12589,390,742,742,742,742,8,6,5,Gd,2005,2005,Gilbert,174000
2274,11600,480,662,1105,1105,1169,12,5,5,TA,1960,1960,NAmes,154300
1268,9286,252,1072,1268,1268,0,5,5,7,Gd,1977,1989,CollgCr,143500
1015,6120,450,279,768,1015,0,6,5,7,TA,1925,1950,BrkSide,88000
2002,6270,871,717,1001,1001,1001,8,5,6,TA,1949,1950,Crawfor,145000
1224,3000,528,318,612,612,612,4,6,5,Gd,2009,2009,Somerst,173733
1092,2001,286,546,546,546,546,6,4,5,TA,1970,1970,MeadowV,75000
480,9000,308,430,480,480,0,4,2,3,TA,1949,1950,IDOTRR,35311
1229,17140,284,75,1134,1229,0,6,4,6,TA,1956,1956,Edwards,135000
2127,13125,833,422,1104,912,1215,8,7,5,Ex,1991,1991,SawyerW,238000
1414,11029,601,245,1184,1414,0,6,6,8,Gd,1958,2002,NAmes,176500
1721,8462,471,114,928,936,785,7,6,5,Gd,1994,1994,SawyerW,201000
2200,8777,0,188,1272,1272,928,9,5,7,TA,1900,2003,Edwards,145900
1316,10237,397,1288,1316,1316,0,6,6,5,Gd,2005,2006,Gilbert,169990
1617,8012,533,598,1604,1617,0,5,6,5,Gd,1993,1994,SawyerW,193000
1686,10240,612,0,1686,1686,0,7,6,6,Gd,1980,1980,NWAmes,207500
1126,15611,540,266,1126,1126,0,6,5,6,Gd,1977,1977,NWAmes,175000
2374,11999,656,1181,1181,1234,1140,10,8,5,Gd,2003,2004,NridgHt,285000
1978,9900,486,280,832,1098,880,9,7,5,TA,1968,1968,NWAmes,176000
1788,11838,522,1753,1753,1788,0,7,8,5,Gd,2001,2001,CollgCr,236500
2236,13006,642,964,964,993,1243,8,7,5,Gd,1997,1997,Gilbert,222000
1466,8925,610,1450,1466,1466,0,7,8,5,Gd,2007,2007,Timber,201000
925,9100,429,121,925,925,0,5,5,6,TA,1965,1965,NAmes,117500
1905,11670,788,1905,1905,1905,0,8,9,5,Ex,2006,2006,Somerst,320000
1500,8487,570,1480,1500,1500,0,6,7,5,Gd,2004,2004,CollgCr,190000
2069,27650,505,160,585,2069,0,9,7,7,Gd,1960,2007,NAmes,242000
747,5825,528,600,600,747,0,5,4,5,Fa,1926,1953,BrkSide,79900
1200,10083,555,343,1176,1200,0,5,7,5,Gd,2003,2003,SawyerW,184900
1971,9675,689,772,1113,1113,858,8,7,5,Gd,2005,2005,Somerst,253000
1962,8760,868,927,1391,1391,571,7,7,5,Gd,2006,2006,CollgCr,239799
2403,24090,349,1032,1032,1207,1196,10,7,7,TA,1940,1950,ClearCr,244400
1728,12640,574,396,1728,1728,0,8,6,5,TA,1976,1976,Mitchel,150900
2060,8755,390,220,992,1022,1038,8,7,5,Gd,1999,1999,Gilbert,214000
1440,7711,0,0,1440,1440,0,8,4,3,Gd,1977,1977,Edwards,150000
1632,25000,576,1632,1632,1632,0,8,5,4,TA,1967,1967,Mitchel,143000
1344,14375,525,354,819,1344,0,7,6,6,TA,1958,1958,Timber,137500
1869,8820,456,0,1088,1188,561,7,5,6,TA,1890,1996,OldTown,124900
1144,8163,796,102,1144,1144,0,6,5,6,TA,1959,1959,NAmes,143000
1629,14536,808,316,1616,1629,0,9,8,5,Gd,2002,2003,Timber,270000
1776,14006,474,936,936,936,840,7,7,5,Gd,2002,2002,CollgCr,192500
1381,9360,676,179,1161,1381,0,5,6,7,TA,1972,2006,NWAmes,197500
864,7200,720,317,864,864,0,5,5,8,TA,1950,2002,NAmes,129000
965,7800,300,187,828,965,0,6,5,5,TA,1965,1965,SawyerW,119900
768,7200,396,108,768,768,0,5,5,8,Gd,1972,2003,CollgCr,133900
1968,11075,530,29,784,1168,800,7,5,4,TA,1969,1969,Mitchel,172000
980,9400,0,0,945,980,0,4,6,5,Gd,1975,1975,Edwards,127500
1958,7136,492,495,979,979,979,8,6,6,Gd,1946,1950,Crawfor,145000
1229,1300,462,276,561,561,668,5,6,6,Gd,1980,1980,Blueste,124000
1057,7420,576,640,1057,1057,0,6,5,5,TA,1962,1962,Sawyer,132000
1337,8450,531,638,1337,1337,0,6,7,5,Gd,2003,2003,CollgCr,185000
1416,2572,484,92,696,696,720,6,7,5,Gd,1999,1999,Somerst,155000
858,7207,0,162,858,858,0,4,5,7,TA,1958,2008,BrkSide,116500
2872,12227,619,434,1330,1542,1330,11,6,7,Gd,1977,1995,NWAmes,272000
1548,2308,440,248,804,804,744,7,6,6,Gd,1976,1976,NPkVill,155000
1800,11923,702,1800,1800,1800,0,7,9,5,Ex,2007,2007,CollgCr,239000
1894,11316,510,193,817,824,1070,8,7,5,Gd,2002,2003,Timber,214900
1484,10237,393,783,783,783,701,8,6,5,Gd,2005,2007,Gilbert,178900
1308,9600,256,300,728,976,332,7,5,7,TA,1940,1950,Crawfor,160000
1098,7390,260,196,1098,1098,0,6,5,7,TA,1955,1955,NAmes,135000
968,5925,0,600,600,600,368,6,3,6,TA,1910,1950,OldTown,37900
1095,10382,264,75,588,1095,0,6,6,5,TA,1958,1958,NAmes,140000
1192,10800,0,720,720,720,472,6,4,4,TA,1949,1950,NAmes,135000
1626,2268,474,197,764,764,862,6,7,5,Gd,2003,2004,NridgHt,173000
918,7892,264,918,918,918,0,5,6,5,Gd,1979,1979,SawyerW,99500
1428,11639,480,1428,1428,1428,0,6,7,5,Gd,2007,2008,Somerst,182000
2019,11414,532,728,728,1136,883,8,7,8,Gd,1910,1993,BrkSide,167500
1382,2651,490,32,673,673,709,6,7,5,Gd,2000,2000,Somerst,165000
869,5900,0,440,440,869,0,4,4,7,Gd,1923,1958,BrkSide,85500
1241,4274,569,135,1241,1241,0,4,7,5,Gd,2006,2007,Somerst,199900
894,9450,400,342,894,894,0,5,4,5,TA,1954,1954,Edwards,110000
1121,8816,480,470,1121,1121,0,5,5,6,TA,1963,1963,Sawyer,139000
999,12122,588,77,944,999,0,6,7,9,TA,1961,2007,NAmes,178400
2612,12203,676,371,1225,1276,1336,8,8,5,Gd,1998,1999,NoRidge,336000
1266,3182,388,1266,1266,1266,0,6,7,5,Gd,2007,2007,Blmngtn,159895
2290,11250,779,1128,1128,1149,1141,9,8,5,Gd,2002,2002,CollgCr,255900
1734,10125,539,0,0,1302,432,8,5,5,,1977,1977,Mitchel,126000
1164,10880,240,124,1164,1164,0,5,5,5,TA,1950,1950,Edwards,125000
1635,5310,255,485,485,1001,634,5,6,8,TA,1910,2003,OldTown,117000
1940,10159,606,284,1930,1940,0,8,9,5,Ex,2009,2010,NridgHt,395192
2030,12046,551,692,848,1118,912,8,6,6,TA,1976,1976,NWAmes,195000
1576,8125,614,770,770,778,798,6,7,5,Gd,2006,2006,Somerst,197000
2392,9452,870,322,1396,1407,985,7,8,5,Gd,1997,1998,NoRidge,348000
1742,17671,424,700,916,916,826,8,8,9,TA,1882,1986,OldTown,168000
1851,9760,440,169,822,1020,831,7,6,8,TA,1964,1993,NAmes,187000
1500,8846,564,750,750,750,750,6,6,5,Gd,2005,2006,CollgCr,173900
1718,12456,786,528,1700,1718,0,7,10,5,Ex,2006,2007,NridgHt,337500
1230,4712,305,363,747,774,456,5,4,7,TA,1946,1950,BrkSide,121600
1050,10659,368,135,1050,1050,0,6,5,6,TA,1961,1961,NAmes,136500
1442,11717,615,1442,1442,1442,0,6,6,6,TA,1970,1970,NWAmes,185000
1077,9786,210,1007,1007,1077,0,6,3,4,TA,1922,1950,IDOTRR,91000
1208,6762,632,501,1187,1208,0,6,7,5,Gd,2006,2006,CollgCr,206000
944,10206,528,0,0,944,0,4,3,3,,1952,1952,Edwards,82000
691,5400,216,691,691,691,0,4,5,6,Fa,1920,1950,OldTown,86000
1574,11957,824,1550,1574,1574,0,7,8,5,Gd,2006,2006,Somerst,232000
1680,11500,528,1680,1680,1680,0,8,5,6,TA,1976,1976,NWAmes,136905
1504,3182,457,1330,1346,1504,0,7,7,5,Gd,2005,2006,Blmngtn,181000
985,8385,328,390,985,985,0,6,5,8,Gd,1977,1977,CollgCr,149900
1657,12155,484,420,1657,1657,0,7,6,3,Gd,1970,1970,NAmes,163500
1092,2217,286,0,546,546,546,6,4,4,TA,1970,1970,MeadowV,88000
1710,12118,550,1710,1710,1710,0,7,7,5,Ex,2004,2005,Mitchel,240000
1522,6000,0,1008,1008,1008,0,7,5,5,TA,1926,1950,SWISU,102000
1271,21286,312,720,720,720,551,7,5,5,TA,1948,1950,Sawyer,135000
1664,9825,0,0,0,1664,0,8,5,5,,1965,1965,Edwards,100000
1502,10592,180,602,602,900,602,7,6,7,TA,1923,1996,Crawfor,165000
1022,7200,280,310,1022,1022,0,4,5,4,TA,1910,2006,OldTown,85000
1082,11664,240,746,1082,1082,0,5,6,5,TA,1948,1950,NAmes,119200
1665,8400,528,167,810,810,855,6,8,6,Gd,2001,2001,NWAmes,227000
1504,11883,478,814,1504,1504,0,6,7,5,Gd,1996,1996,CollgCr,203000
1360,5814,565,184,1220,1360,0,4,8,5,Gd,1984,1984,StoneBr,187500
1472,10784,402,384,384,802,670,7,7,5,Gd,1991,1992,Gilbert,160000
1506,3013,440,1346,1362,1506,0,6,7,5,Gd,2005,2005,Blmngtn,213490
1132,7024,451,108,1132,1132,0,5,4,5,Gd,2005,2005,Edwards,176000
1220,7406,632,515,1199,1220,0,6,7,5,Gd,2006,2006,CollgCr,194000
1248,9439,160,588,912,912,336,6,5,5,TA,1930,1950,OldTown,87000
1504,3182,437,1330,1346,1504,0,7,7,5,Gd,2005,2006,Blmngtn,191000
2898,15498,665,0,1565,2898,0,10,8,6,Gd,1976,1976,Timber,287000
882,7700,461,276,882,882,0,5,5,5,TA,1972,1972,CollgCr,112500
1264,9300,461,571,1268,1264,0,6,5,5,TA,1960,1960,NAmes,167500
1646,9520,800,125,1638,1646,0,7,8,5,Gd,2007,2008,Timber,293077
1376,9492,240,359,768,968,408,6,5,5,TA,1941,1950,NAmes,105000
1218,1680,264,355,672,672,546,7,6,7,TA,1972,1972,BrDale,118000
1928,7082,0,686,686,948,980,10,5,8,TA,1916,1995,SWISU,160000
3082,15863,672,301,824,1687,998,12,7,3,TA,1920,1970,SWISU,197000
2520,14541,796,326,1338,1352,1168,10,8,7,Gd,1993,1993,NoRidge,310000
1654,8125,900,668,1654,1654,0,6,7,5,Gd,2002,2002,CollgCr,230000
954,6305,240,920,920,954,0,5,5,7,Fa,1938,1950,Crawfor,119750
845,11500,290,0,0,845,0,5,4,3,,1957,1957,Edwards,84000
1620,12898,912,598,1620,1620,0,6,9,5,Ex,2007,2008,Timber,315500
2263,9240,905,1055,1055,1055,1208,7,8,5,Gd,2001,2002,CollgCr,287000
1344,1533,0,546,546,798,546,6,4,6,TA,1970,2008,MeadowV,97000
630,1477,286,121,630,630,0,3,4,4,Gd,1970,1970,MeadowV,80000
1803,13125,484,284,1134,1803,0,8,5,4,TA,1957,2000,Sawyer,155000
1632,9130,484,336,800,800,832,7,6,8,TA,1966,2000,NWAmes,173000
1306,5381,624,406,1306,1306,0,5,6,5,Gd,2005,2005,NridgHt,196000
2329,11839,514,390,1475,1532,797,10,7,5,Gd,1990,1990,SawyerW,262280
2524,9600,542,1420,2524,2524,0,9,8,5,Gd,1981,1981,NWAmes,278000
1733,13680,452,0,0,1733,0,8,3,5,,1955,1955,Edwards,139600
2868,16056,716,1752,1992,1992,876,11,9,5,Ex,2005,2006,StoneBr,556581
990,9245,672,304,990,990,0,5,5,5,Gd,1994,1995,CollgCr,145000
1771,21750,336,0,0,1771,0,9,5,4,,1960,2006,Mitchel,115000
930,11100,308,0,0,930,0,6,4,7,,1946,2006,Edwards,84900
1302,8993,436,1302,1302,1302,0,6,7,5,Gd,2007,2007,Gilbert,176485
1316,11175,440,1316,1316,1316,0,6,7,5,Gd,2007,2007,CollgCr,200141
1977,9500,540,374,816,1127,850,9,6,6,TA,1964,1978,NAmes,165000
1526,8562,364,833,1216,1526,0,7,5,6,TA,1957,2002,Edwards,144500
1989,11367,586,133,1065,1091,898,7,8,5,Gd,2002,2002,CollgCr,255000
1523,11361,478,549,1193,1523,0,7,6,5,Gd,1976,1976,NWAmes,180000
1364,7052,484,705,1364,1364,0,6,7,5,Gd,2005,2005,NridgHt,185850
1850,29959,467,378,973,979,871,7,7,6,Gd,1994,1994,NoRidge,248000
2184,11308,836,168,1104,1130,1054,10,9,5,Ex,2008,2008,NridgHt,335000
1991,11275,432,0,854,1096,895,7,6,7,TA,1932,1950,Crawfor,220000
1338,4920,582,722,1338,1338,0,6,8,5,Gd,2001,2001,StoneBr,213500
894,18000,1248,894,894,894,0,6,3,4,TA,1935,1950,IDOTRR,81000
2337,13600,560,662,662,1422,915,10,5,5,TA,1900,1950,OldTown,90000
1103,6000,440,706,1103,1103,0,5,6,6,TA,1925,1980,OldTown,110500
1154,11000,480,184,1154,1154,0,6,5,6,TA,1966,1966,NAmes,154000
2260,14000,533,105,1306,1306,954,7,7,5,Ex,1996,1997,ClearCr,328000
1571,7837,380,799,799,799,772,7,6,7,Gd,1993,1994,Gilbert,178000
1611,9760,442,0,780,798,813,7,6,6,TA,1964,1964,NAmes,167900
2521,3964,576,105,942,1291,1230,10,6,4,Gd,1973,1973,MeadowV,151400
893,9600,576,625,845,893,0,4,5,7,TA,1949,2003,NAmes,135000
1048,10152,286,462,1048,1048,0,6,5,5,TA,1956,1956,NAmes,135000
1556,11700,441,429,727,829,727,8,6,6,TA,1968,1968,NWAmes,154000
1456,7585,280,810,810,1002,454,7,5,3,Fa,1948,1950,Edwards,91500
1426,7950,440,155,690,698,728,6,6,6,TA,1977,1977,Edwards,159500
1240,8556,826,1240,1240,1240,0,5,7,5,Gd,2006,2006,CollgCr,194000
1740,13125,240,390,800,960,780,6,7,6,TA,1940,1984,Crawfor,219500
1466,10800,566,170,796,1096,370,7,5,8,Fa,1936,1989,OldTown,170000
1096,15870,299,230,1096,1096,0,6,5,5,TA,1969,1969,NAmes,138800
848,4435,420,186,848,848,0,3,6,5,Gd,2004,2004,CollgCr,155900
990,8775,299,495,990,990,0,5,5,5,Gd,1994,1994,CollgCr,126000
1258,11040,528,602,1258,1258,0,5,6,7,TA,1971,2004,NWAmes,145000
1040,7500,308,216,1040,1040,0,5,5,5,TA,1963,1963,Sawyer,133000
1459,8749,527,1459,1459,1459,0,6,7,5,Gd,2002,2002,CollgCr,192000
1251,8800,461,698,1251,1251,0,6,6,6,TA,1964,1964,NAmes,160000
1498,13031,409,99,691,691,807,6,6,5,Gd,1995,1996,Gilbert,187500
996,9069,564,189,936,996,0,5,6,6,Gd,1992,1992,SawyerW,147000
1092,1974,286,212,546,546,546,6,4,5,TA,1973,1973,MeadowV,83500
1953,10574,1043,1082,1082,1082,871,9,8,5,Gd,2005,2006,Somerst,252000
1709,2522,380,970,970,970,739,7,7,5,Gd,2004,2004,Edwards,137500
1247,3316,550,208,1247,1247,0,4,8,5,Gd,2005,2005,Somerst,197000
1040,8544,400,0,0,1040,0,6,3,4,,1950,1950,NAmes,92900
1252,2160,462,90,600,624,628,4,7,5,Gd,1999,2000,Somerst,160000
1694,8400,576,758,1181,1390,304,7,6,5,TA,1925,1950,SWISU,136500
1200,9230,884,203,864,1200,0,6,5,8,TA,1965,1998,NAmes,146000
936,5868,308,448,936,936,0,4,5,7,TA,1956,2000,NAmes,129000
1314,9317,440,1290,1314,1314,0,6,6,5,Gd,2006,2006,CollgCr,176432
1355,6882,0,684,684,773,582,7,6,7,TA,1914,2006,IDOTRR,127000
1088,3696,461,1074,1074,1088,0,5,8,5,Gd,1986,1986,StoneBr,170000
1324,6000,240,0,672,757,567,6,4,6,TA,1936,1950,BrkSide,128000
1601,11880,478,567,1271,1601,0,7,7,5,Gd,1978,1978,NWAmes,157000
438,8400,246,0,290,438,0,3,2,5,TA,1920,1950,SWISU,60000
950,9758,280,251,950,950,0,5,5,5,TA,1971,1971,NAmes,119500
1134,7000,254,422,1010,1134,0,6,5,7,TA,1960,2002,NAmes,135000
1194,8910,539,0,655,1194,0,6,6,6,TA,1959,1959,NAmes,159500
1302,2016,440,630,630,630,672,6,5,5,TA,1970,1970,BrDale,106000
2622,12256,712,431,1463,1500,1122,9,8,5,Ex,1994,1995,NoRidge,325000
1442,10357,719,172,910,1442,0,6,7,5,Gd,1990,1991,SawyerW,179900
2021,23257,422,868,868,887,1134,9,7,5,Ex,2006,2006,Gilbert,274725
1690,8063,463,924,924,948,742,7,6,5,Gd,2000,2000,Gilbert,181000
1836,11362,862,797,1836,1836,0,7,8,5,Ex,2004,2005,NridgHt,280000
1658,8000,431,554,773,773,885,8,6,5,Gd,1995,1996,Gilbert,188000
1964,10480,483,400,803,1098,866,8,7,6,TA,1976,1976,NWAmes,205000
816,7100,308,108,816,816,0,5,5,7,TA,1957,1957,NAmes,129900
1008,8923,240,365,1008,1008,0,6,5,7,TA,1953,2006,NAmes,134500
833,5400,326,418,833,833,0,4,5,7,TA,1954,2000,OldTown,117000
1734,12085,928,730,1734,1734,0,7,8,5,Ex,2007,2007,NridgHt,318000
1419,7750,527,55,408,779,640,7,8,5,Gd,2002,2002,Gilbert,184100
894,9764,450,192,894,894,0,5,5,7,TA,1967,2003,Sawyer,130000
1601,13825,300,533,533,1021,580,6,5,6,TA,1958,1987,Sawyer,140000
1040,7560,286,671,1040,1040,0,6,5,5,TA,1959,1959,NAmes,133700
1012,8263,308,1012,1012,1012,0,6,6,5,TA,1920,1950,IDOTRR,118400
1552,10084,782,1528,1552,1552,0,7,7,5,Gd,2005,2006,CollgCr,212900
960,8926,288,672,672,960,0,5,4,3,TA,1956,1956,Edwards,112000
698,9405,0,698,698,698,0,4,5,9,TA,1947,2008,Edwards,118000
1482,9125,392,384,384,812,670,7,7,5,Gd,1992,1992,Gilbert,163900
1005,10434,672,1005,1005,1005,0,5,4,5,TA,1955,1955,NAmes,115000
1555,3684,660,1373,1373,1555,0,7,7,5,Gd,2007,2007,Blmngtn,174000
1530,14572,630,230,1530,1530,0,7,7,5,Gd,2004,2004,Gilbert,259000
1959,11796,434,847,847,847,1112,8,7,5,Gd,2004,2005,Gilbert,215000
936,7200,672,0,936,936,0,4,5,5,Gd,1980,1980,OldTown,140000
1981,7804,576,500,1122,1328,653,7,4,3,TA,1928,1950,SWISU,135000
974,10712,0,762,974,974,0,5,5,5,Gd,1991,1992,Mitchel,93500
2210,9900,205,1008,1008,1178,1032,8,6,4,TA,1880,1950,OldTown,117500
2020,9828,466,544,1128,1142,878,8,8,5,Gd,1995,1995,SawyerW,239500
1600,8773,460,916,916,916,684,7,6,5,Gd,1997,1997,Gilbert,169000
986,6180,180,960,960,986,0,5,6,5,TA,1926,1950,BrkSide,102000
1252,9600,288,752,1032,1032,220,6,6,5,TA,1950,1950,NAmes,119000
1020,6342,0,780,780,780,240,6,5,8,TA,1875,1996,Sawyer,94000
1567,9819,714,0,1567,1567,0,5,6,5,TA,1977,1977,Mitchel,196000
1167,8731,495,270,915,1167,0,6,5,5,TA,1920,1950,BrkSide,144000
952,7350,840,100,952,952,0,4,5,7,TA,1951,1951,NAmes,139000
1868,10304,484,399,780,1088,780,9,5,7,TA,1976,1976,NWAmes,197500
2828,9965,1052,316,1466,1466,1362,11,8,5,Ex,2006,2007,CollgCr,424870
1006,9000,0,718,1006,1006,0,5,5,3,TA,1959,1959,Sawyer,80000
924,12180,280,324,672,672,252,5,4,4,Gd,1941,1950,Edwards,80000
1576,6240,225,1042,1042,1042,534,8,5,6,TA,1928,1950,BrkSide,149000
1298,11200,403,40,1298,1298,0,5,6,5,Gd,1985,1985,SawyerW,180000
1564,12000,234,429,704,860,704,7,7,7,TA,1941,1950,Crawfor,174500
1111,5700,288,572,572,572,539,5,7,7,TA,1926,1950,OldTown,116900
1482,9000,324,26,650,832,650,7,7,9,TA,1920,1988,OldTown,143000
932,8280,306,932,932,932,0,4,6,5,TA,1950,1950,NAmes,124000
1466,17755,528,1290,1466,1466,0,6,5,4,TA,1959,1959,Edwards,149900
1811,14115,470,230,1073,1811,0,6,6,7,TA,1956,2004,Crawfor,230000
816,5890,432,278,816,816,0,5,6,8,TA,1930,2007,IDOTRR,120500
1820,13700,492,410,864,902,918,8,7,6,TA,1965,1988,NAmes,201800
1437,10768,528,280,1437,1437,0,6,5,8,Gd,1976,2004,Veenker,218000
1265,9350,502,586,1219,1265,0,6,5,8,TA,1965,1999,NAmes,179900
1314,5001,626,410,1314,1314,0,6,7,5,Gd,2007,2008,NridgHt,230000
1580,11932,830,1580,1580,1580,0,7,8,5,Gd,2007,2008,Somerst,235128
1876,9120,540,459,901,943,933,8,6,6,TA,1974,1974,NWAmes,185000
1456,2280,440,544,855,855,601,7,6,5,Gd,1978,1978,NPkVill,146000
1640,14778,924,568,1296,1640,0,7,6,7,TA,1954,2006,Crawfor,224000
894,8724,450,402,894,894,0,5,5,5,Gd,1968,1968,Sawyer,129000
1258,12900,400,0,1198,1258,0,6,4,4,Gd,1969,1969,Sawyer,108959
1432,16157,588,289,1360,1432,0,5,5,7,Gd,1978,1978,Veenker,194000
1502,9541,644,1502,1502,1502,0,7,7,5,Gd,2009,2009,NridgHt,233170
1694,10475,776,1694,1694,1694,0,7,8,5,Gd,2008,2008,CollgCr,245350
1671,10852,472,173,959,959,712,7,6,5,Gd,2000,2000,Gilbert,173000
2108,13728,540,501,1127,1236,872,7,6,7,TA,1935,1986,Edwards,235000
3627,35760,807,543,1930,1831,1796,10,10,5,Ex,1995,1996,NoRidge,625000
1118,9880,358,574,1096,1118,0,6,6,6,TA,1977,1977,Mitchel,171000
1261,9120,433,599,1261,1261,0,6,6,6,TA,1958,1958,NAmes,163000
1250,4017,625,625,625,625,625,5,7,5,Gd,2006,2007,Somerst,171900
3086,18030,0,977,1598,1636,971,12,5,6,TA,1946,1994,ClearCr,200500
2345,16560,360,449,952,1170,1175,9,6,8,Gd,1932,1950,Crawfor,239000
2872,10678,541,983,1683,2129,743,9,8,5,Gd,1992,2000,NoRidge,285000
923,6951,264,218,876,923,0,5,5,5,TA,1984,1985,Mitchel,119500
1224,3950,210,350,818,818,406,5,6,8,TA,1926,2004,OldTown,115000
1343,7681,186,731,731,820,523,7,5,6,TA,1921,1950,Crawfor,154900
1124,8335,0,0,0,1124,0,5,5,5,,1954,1954,Edwards,93000
2514,11170,693,0,1216,1298,1216,8,7,5,Gd,1990,1991,Timber,250000
1652,5587,482,120,1600,1652,0,5,8,5,Ex,2008,2008,Crawfor,392500
4476,15623,813,300,2396,2411,2065,10,10,5,Ex,1996,1996,NoRidge,745000
1130,10800,720,299,1120,1130,0,5,5,6,TA,1920,1950,OldTown,120000
1572,35133,995,413,1572,1572,0,5,5,4,TA,1963,1963,Timber,186700
1221,9738,392,392,784,949,272,7,5,7,TA,1924,1950,Edwards,104900
1699,10615,420,538,978,1014,685,7,3,5,Fa,1900,1970,OldTown,95000
1624,12461,757,168,1624,1624,0,5,8,5,Gd,1994,1995,NoRidge,262000
1660,8935,493,831,831,831,829,7,7,5,Gd,2002,2002,CollgCr,195000
1804,7500,442,994,994,1028,776,7,7,5,TA,1999,1999,Gilbert,189000
1622,32463,1356,90,1249,1622,0,7,4,4,TA,1961,1975,Mitchel,168000
1441,2645,492,776,776,764,677,5,8,5,Gd,1999,2000,Somerst,174000
1472,9600,250,702,702,842,630,6,5,8,TA,1925,1994,OldTown,125000
1224,4500,402,341,1224,1224,0,5,6,5,Ex,1999,1999,Mitchel,165000
1352,9364,299,292,663,663,689,7,6,7,TA,1969,1969,Sawyer,158000
1456,8029,400,728,728,728,728,8,6,5,Gd,2005,2005,Gilbert,176000
1863,14054,660,879,879,879,984,9,7,5,Gd,2006,2006,Gilbert,219210
1690,8850,225,815,815,815,875,7,7,6,TA,1916,1950,OldTown,144000
1212,9100,573,1212,1212,1212,0,6,7,5,Gd,2001,2001,CollgCr,178000
1382,11235,459,504,1051,1382,0,6,4,5,TA,1963,1979,Sawyer,148000
864,9353,280,864,864,864,0,5,4,5,TA,1970,1970,NAmes,116050
1779,10400,546,866,866,866,913,6,7,5,Gd,1998,1998,CollgCr,197900
1348,6000,216,884,884,884,464,5,5,8,TA,1925,1997,BrkSide,117000
1630,9750,451,1630,1630,1630,0,6,7,5,Gd,2000,2001,CollgCr,213000
1074,10140,495,268,1056,1074,0,6,5,6,Gd,1975,1975,NWAmes,153500
2196,14684,701,1496,2158,2196,0,7,7,7,Gd,1990,1991,SawyerW,271900
1056,8900,384,0,1056,1056,0,5,4,4,TA,1966,1966,SawyerW,107000
1700,9135,544,1342,1682,1700,0,7,6,5,Gd,2003,2003,CollgCr,200000
1283,7763,506,319,931,1283,0,6,5,7,TA,1962,1980,NAmes,140000
1660,10182,500,440,1660,1660,0,8,8,5,Ex,2006,2006,Somerst,290000
1845,11218,462,1055,1055,1055,790,8,6,5,Gd,1992,1992,SawyerW,189000
1752,12134,492,132,559,1080,672,8,8,7,Gd,1988,2005,Gilbert,164000
672,9340,234,328,672,672,0,4,4,6,TA,1941,1950,Edwards,113000
960,10246,364,0,648,960,0,3,4,9,TA,1965,2001,Sawyer,145000
999,10205,300,141,925,999,0,6,5,5,TA,1962,1962,NAmes,134500
894,7094,384,340,894,894,0,5,5,5,TA,1966,1966,Sawyer,125000
1902,8930,539,0,0,1318,584,8,6,5,,1978,1978,Sawyer,112000
1314,8640,552,364,1300,1314,0,6,8,5,Gd,2009,2009,Somerst,229456
912,6240,0,0,0,672,240,3,4,5,,1947,1950,BrkSide,80500
1218,1680,0,672,672,672,546,7,6,5,TA,1971,1971,BrDale,91500
912,7800,288,0,912,912,0,5,5,5,TA,1964,1964,NAmes,115000
1211,8250,322,210,952,1211,0,5,5,5,TA,1968,1968,Sawyer,134000
1846,10496,315,844,1040,1168,678,7,6,6,TA,1949,1950,NAmes,143000
2136,10680,528,1380,2136,2136,0,7,5,3,TA,1951,1951,NAmes,137900
1490,15384,388,64,788,788,702,8,7,5,Gd,2004,2005,Gilbert,184000
1138,10482,264,81,588,1138,0,6,6,8,TA,1958,1958,NAmes,145000
1933,14598,668,894,894,894,1039,9,6,5,Gd,2007,2007,Somerst,214000
912,8872,576,317,912,912,0,5,5,8,TA,1965,2008,NAmes,147000
1702,8769,1052,162,1702,1702,0,7,9,5,Ex,2008,2008,NridgHt,367294
1507,7910,404,409,1075,1507,0,7,5,5,TA,1960,1960,NAmes,127000
2620,18890,600,652,1361,1361,1259,12,5,5,Gd,1977,1977,Sawyer,190000
1190,7728,540,303,1106,1190,0,6,5,6,TA,1962,1962,NAmes,132500
1224,9842,462,0,0,1224,0,6,4,5,,1962,1962,NAmes,101800
1188,12160,531,188,1188,1188,0,6,5,5,TA,1959,1959,NAmes,142000
1964,8525,0,940,940,1024,940,7,5,6,TA,1911,1950,SWISU,130000
1784,13132,180,747,747,892,892,9,5,5,Gd,1914,1950,Crawfor,138887
1626,2628,474,764,764,764,862,6,7,5,Gd,2003,2003,NridgHt,175500
1948,12393,434,847,847,847,1101,8,7,5,Gd,2004,2005,CollgCr,195000
1141,13072,484,1141,1141,1141,0,6,6,5,Gd,2005,2005,SawyerW,142500
1484,9037,472,1048,1476,1484,0,6,8,5,Gd,2006,2006,Timber,265900
1768,8158,543,334,884,884,884,8,7,5,Gd,2003,2003,CollgCr,224900
1689,9849,954,1689,1689,1689,0,7,7,6,Gd,2007,2007,Somerst,248328
1173,10625,528,0,1053,1173,0,6,7,6,Gd,1974,1974,NWAmes,170000
2076,13891,850,690,2076,2076,0,7,10,5,Ex,2006,2006,NridgHt,465000
1517,11435,400,792,792,792,725,7,8,7,Gd,1929,1950,Crawfor,230000
1868,12090,477,585,585,1140,728,7,6,7,Gd,1984,2003,NWAmes,178000
1553,8125,615,756,756,756,797,6,7,5,Gd,2005,2006,Somerst,186500
1034,12328,888,473,1012,1034,0,6,6,5,TA,1976,1976,Mitchel,169900
2058,9600,396,416,735,1134,924,8,6,5,Gd,1917,1950,OldTown,129500
988,7200,276,246,876,988,0,6,5,7,TA,1950,1950,NAmes,119000
2110,11160,522,1045,2110,2110,0,8,7,5,TA,1968,1968,NAmes,244000
1405,3136,478,1405,1405,1405,0,6,7,5,Gd,2003,2003,NridgHt,171750
874,9858,288,354,864,874,0,5,5,6,TA,1968,1968,Mitchel,130000
2167,17542,518,36,1192,1516,651,9,7,7,TA,1974,2003,Veenker,294000
1656,6931,397,746,746,760,896,7,7,5,Gd,2003,2004,Edwards,165400
1367,6240,560,459,884,959,408,6,6,6,TA,1931,1950,BrkSide,127500
1987,14303,691,672,1986,1987,0,7,8,5,Gd,1994,1994,NoRidge,301500
864,4060,0,864,864,864,0,4,5,8,Fa,1922,1950,Edwards,99900
1166,9587,400,201,856,1166,0,5,7,5,Gd,2005,2005,Gilbert,190000
1054,9750,460,14,1054,1054,0,6,6,8,Gd,1969,1969,NAmes,151000
1675,24682,502,841,841,892,783,7,6,5,Gd,1999,1999,Gilbert,181000
1050,9600,338,546,1050,1050,0,5,5,6,TA,1956,1956,NAmes,128900
1788,11250,304,1104,1104,1104,684,8,4,5,TA,1957,1989,ClearCr,161500
1824,13515,520,764,764,1060,764,8,6,6,TA,1919,1950,BrkSide,180500
1337,4060,511,1139,1405,1337,0,5,6,5,Gd,1998,1999,NAmes,181000
1452,3735,506,241,691,713,739,6,7,5,Gd,1999,1999,Somerst,183900
1889,10120,308,925,925,964,925,9,7,4,TA,1910,1950,OldTown,122000
2018,13214,746,2002,2002,2018,0,10,9,5,Ex,2008,2009,Timber,378500
3447,14100,1014,536,728,1968,1479,11,8,9,TA,1935,1997,Crawfor,381000
1524,11344,315,414,874,874,650,7,5,5,TA,1958,1958,NAmes,144000
1524,23595,586,74,1332,1332,192,4,7,6,Gd,1979,1979,ClearCr,260000
1489,9156,462,1489,1489,1489,0,7,6,7,TA,1968,1968,NWAmes,185750
935,13526,288,0,935,935,0,5,5,6,TA,1965,1965,Sawyer,137000
1357,11512,312,300,1019,1357,0,5,6,7,TA,1959,2006,Edwards,177000
1250,5362,552,661,661,661,589,8,5,6,TA,1910,2003,Crawfor,139000
1920,11345,400,708,928,928,992,10,5,5,TA,1948,1950,NAmes,137000
1395,12936,497,130,723,735,660,6,6,6,TA,1972,1972,NWAmes,162000
1724,17871,480,1152,1680,1724,0,7,6,5,Gd,1967,1976,NWAmes,197900
2031,9473,577,324,1128,1128,903,7,8,5,Gd,2002,2002,CollgCr,237000
1128,7500,528,698,698,698,430,6,4,4,TA,1920,1950,IDOTRR,68400
1573,9808,544,785,1573,1573,0,6,7,5,Gd,2002,2002,CollgCr,227000
1339,8049,484,256,1309,1339,0,6,7,5,Gd,1990,1990,Timber,180000
1040,8800,484,364,1040,1040,0,5,5,7,Gd,1977,2008,CollgCr,150500
1824,9400,0,912,912,912,912,8,6,5,TA,1971,1971,Mitchel,139000
2447,9638,336,804,804,1699,748,10,6,7,TA,1919,1990,SWISU,169000
1412,6000,280,780,780,825,587,6,6,6,TA,1939,1950,BrkSide,132500
1328,9790,528,678,1328,1328,0,6,6,5,TA,1963,1963,NWAmes,143000
1582,36500,390,812,1624,1582,0,7,5,5,TA,1964,1964,ClearCr,190000
1659,5664,499,343,1501,1659,0,5,8,5,Gd,2000,2000,StoneBr,278000
1970,11065,753,1085,1085,1120,850,8,8,5,Gd,2006,2006,NridgHt,281000
1152,14112,484,138,1152,1152,0,6,5,7,TA,1964,1964,NAmes,180500
1302,1680,264,399,630,630,672,6,5,7,TA,1972,1972,BrDale,119500
2372,6600,432,994,994,1378,994,11,5,4,TA,1892,1965,OldTown,107500
1664,10140,528,638,832,832,832,8,7,5,Gd,1976,1976,NWAmes,162900
864,8172,572,697,864,864,0,5,5,7,TA,1955,1990,Edwards,115000
1052,8400,288,36,1052,1052,0,5,5,5,TA,1968,1968,NAmes,138500
1128,8700,525,344,1120,1128,0,6,5,6,TA,1963,1963,NAmes,155000
1072,3675,525,0,547,1072,0,5,6,5,Gd,2005,2006,Edwards,140000
5642,63887,1418,466,6110,4692,950,12,10,5,Ex,2008,2008,Edwards,160000
1246,7500,305,0,1246,1246,0,6,5,7,TA,1959,1994,NAmes,154000
1983,10762,490,284,978,1005,978,9,7,5,Gd,1999,1999,Gilbert,225000
1494,7500,213,224,771,753,741,7,6,7,TA,1942,1950,Crawfor,177500
2526,10120,844,425,1165,1203,1323,8,8,5,Gd,1994,1994,NoRidge,290000
1616,8688,834,1616,1616,1616,0,7,7,5,Gd,2005,2005,Somerst,232000
1708,3363,380,976,976,976,732,7,7,5,Gd,2004,2004,Edwards,130000
1652,13173,840,80,1652,1652,0,6,9,5,Ex,2006,2007,NridgHt,325000
1368,6955,474,1368,1368,1368,0,6,7,5,Gd,2005,2006,NridgHt,202500
990,8072,480,244,990,990,0,5,5,5,Gd,1994,1995,CollgCr,138000
1122,12000,528,172,924,1122,0,6,5,7,TA,1948,2005,OldTown,147000
1294,7153,496,78,1278,1294,0,6,6,5,Gd,1991,1991,SawyerW,179200
1902,17500,567,496,1902,1902,0,7,7,8,Gd,1959,2002,Crawfor,335000
1274,8814,508,349,1274,1274,0,6,7,5,Gd,2005,2007,CollgCr,203000
2810,9572,750,971,1453,1453,1357,9,8,5,Ex,1990,1990,NoRidge,302000
2599,14774,779,1393,1393,1422,1177,10,9,5,Gd,1999,1999,NoRidge,333168
948,8190,280,216,948,948,0,5,4,6,TA,1954,1954,Edwards,119000
2112,11075,576,176,952,1092,1020,9,6,5,Fa,1969,1969,NAmes,206900
1630,10226,860,1622,1622,1630,0,8,8,5,Ex,2008,2008,CollgCr,295493
1352,4230,466,1352,1352,1352,0,5,7,5,Ex,2006,2007,Somerst,208900
1787,14781,748,1753,1753,1787,0,7,8,5,Gd,2001,2002,CollgCr,275000
948,10215,248,372,864,948,0,5,4,5,TA,1954,1954,Edwards,111000
1478,8400,442,628,1478,1478,0,6,6,3,TA,1957,1957,NAmes,156500
720,6627,287,0,0,720,0,4,3,6,,1949,1950,BrkSide,72500
1923,10186,564,76,750,1061,862,8,7,5,Gd,1992,1992,NoRidge,190000
708,5330,0,140,420,708,0,5,4,7,TA,1940,1950,BrkSide,82500
1795,9986,895,1795,1795,1795,0,7,8,5,Ex,2006,2007,Somerst,147000
796,3636,0,796,796,796,0,5,4,4,TA,1922,1950,IDOTRR,55000
774,4270,0,0,544,774,0,6,3,6,TA,1931,2006,Edwards,79000
816,6600,264,175,816,816,0,5,5,9,TA,1982,2008,Mitchel,130500
2792,10440,520,1017,1510,1584,1208,8,6,7,Gd,1920,1950,OldTown,256000
1632,9084,462,935,935,955,677,8,7,5,Gd,1998,1998,Gilbert,176500
1588,10000,825,1588,1588,1588,0,7,8,5,Gd,2006,2006,Somerst,227000
954,10780,576,428,911,954,0,6,5,5,TA,1976,1976,CollgCr,132500
816,8877,288,126,816,816,0,3,4,6,TA,1938,1958,Edwards,100000
1360,7200,297,803,803,803,557,6,5,6,TA,1938,1995,IDOTRR,125500
1365,2368,440,0,765,765,600,7,5,6,TA,1970,1970,BrDale,125000
1334,9650,630,664,1350,1334,0,6,6,5,Gd,1977,1977,NWAmes,167900
1656,9246,506,1656,1656,1656,0,8,5,5,TA,1973,1973,NWAmes,135000
693,4118,0,693,693,693,0,4,4,4,TA,1941,1950,OldTown,52500
1861,13450,492,216,916,920,941,8,7,5,Gd,2002,2002,CollgCr,200000
864,9560,288,504,864,864,0,5,5,7,TA,1972,1972,CollgCr,128500
872,8294,480,858,858,872,0,5,4,5,TA,1971,1971,NAmes,123000
1114,13695,576,300,1114,1114,0,6,6,5,Gd,2003,2004,SawyerW,155000
2169,9375,647,1284,1284,1284,885,7,8,5,Gd,2002,2002,CollgCr,228500
1913,7558,342,896,896,1172,741,9,6,6,TA,1928,1950,Crawfor,177000
1456,11103,440,728,728,728,728,8,7,5,Gd,2006,2006,CollgCr,155835
960,6000,308,710,960,960,0,5,4,4,TA,1920,1950,OldTown,108500
2156,20781,508,1203,1568,2156,0,9,7,7,TA,1968,2003,NWAmes,262500
1776,15306,712,1652,1732,1776,0,7,8,5,Ex,2006,2007,Timber,283463
1494,16196,514,39,1482,1494,0,5,7,5,Gd,1998,1998,SawyerW,215000
2358,5250,0,425,684,938,1215,8,8,5,TA,1872,1987,OldTown,122000
2634,11643,968,748,1248,1338,1296,12,5,5,TA,1969,1969,NAmes,200000
1716,9247,490,539,858,858,858,8,6,6,TA,1962,1962,NAmes,171000
1176,6000,624,698,698,786,390,4,6,9,TA,1937,2000,BrkSide,134900
3238,14720,666,1217,2033,2053,1185,9,8,5,Gd,1995,1996,NoRidge,410000
1865,10316,839,257,992,992,873,7,7,5,Gd,2000,2000,CollgCr,235000
1920,10192,487,570,570,1222,698,8,7,6,TA,1968,1992,NWAmes,170000
892,9477,264,524,864,892,0,5,5,5,TA,1966,1966,NAmes,110000
1078,12537,500,344,1078,1078,0,6,5,6,TA,1971,2008,NAmes,149900
1573,2117,440,378,756,769,804,5,6,5,Gd,2000,2000,Somerst,177500
1980,16737,770,533,1980,1980,0,8,9,5,Ex,2004,2005,NridgHt,315000
2601,9842,621,612,612,990,1611,8,5,6,TA,1921,1998,SWISU,189000
1530,16158,430,256,1530,1530,0,7,7,5,Ex,2005,2005,StoneBr,260000
1738,12513,368,715,715,1281,457,7,4,4,TA,1920,2007,NAmes,104900
1412,8499,432,616,616,616,796,6,6,5,Gd,2006,2007,Gilbert,156932
1200,3180,480,600,600,520,600,4,7,5,Gd,2005,2005,Somerst,144152
1674,7500,663,281,814,814,860,7,7,5,Gd,2000,2000,Somerst,216000
1790,9179,588,240,873,882,908,7,7,5,Gd,1999,1999,CollgCr,193000
1475,2665,336,36,757,925,550,6,5,6,TA,1977,1977,MeadowV,127000
848,4435,420,163,848,848,0,4,6,5,Gd,2003,2004,CollgCr,144000
1668,10635,502,315,1657,1668,0,8,8,5,Gd,2003,2003,CollgCr,232000
1374,5400,338,420,840,840,534,6,4,6,TA,1920,1950,OldTown,105000
1661,9600,377,161,992,1661,0,8,6,6,TA,1955,1996,NAmes,165500
2097,9750,583,133,1108,1108,989,8,7,6,Gd,1998,1998,CollgCr,274300
2633,11400,804,1351,2633,2633,0,8,10,5,Ex,2001,2002,NoRidge,466500
1958,10625,936,1026,1026,1026,932,9,7,5,Gd,2005,2005,Somerst,250000
1571,10991,722,1571,1571,1571,0,7,8,5,Gd,2007,2007,Timber,239000
790,6292,160,384,768,790,0,4,6,5,Gd,1930,1950,SWISU,91000
1604,10998,660,156,984,984,620,6,5,5,TA,1941,1960,Edwards,117000
987,1953,264,174,483,483,504,5,6,5,TA,1973,1973,BrDale,83000
1394,9735,400,384,384,754,640,7,5,5,Gd,2006,2007,Timber,167500
864,8212,200,661,864,864,0,5,3,3,TA,1914,1950,Edwards,58500
2117,12925,550,340,1205,2117,0,7,6,7,TA,1970,1970,NAmes,237500
1762,7200,576,596,596,998,764,8,7,7,Fa,1920,1950,OldTown,157000
1416,25339,576,816,816,1416,0,7,5,7,TA,1918,2007,Sawyer,112000
1258,9060,280,356,560,698,560,6,6,5,TA,1939,1950,Edwards,105000
1154,5436,240,61,796,796,358,7,4,8,TA,1922,2007,IDOTRR,125500
2784,16692,564,133,1392,1392,1392,12,7,5,Gd,1978,1978,NWAmes,250000
2526,8520,216,0,714,1664,862,10,6,7,TA,1916,1950,OldTown,136000
1746,14892,758,426,1746,1746,0,7,9,5,Ex,2006,2007,Gilbert,377500
1218,6000,440,360,735,869,349,6,6,6,TA,1941,1950,BrkSide,131000
1525,9100,541,125,1525,1525,0,6,7,5,Gd,2000,2000,CollgCr,235000
1584,8944,792,1584,1584,1584,0,8,5,5,TA,1967,1967,NAmes,124000
900,7838,288,95,864,900,0,6,5,5,TA,1967,1967,NAmes,123000
1912,10800,672,482,482,1221,691,7,6,7,Fa,1905,2000,OldTown,163000
1500,4045,648,286,1356,1500,0,6,7,5,Gd,2006,2006,Blmngtn,246578
2482,12665,642,1094,1094,1133,1349,9,8,5,Gd,2005,2006,Timber,281213
1687,57200,572,60,747,1687,0,7,5,5,TA,1948,1950,Timber,160000
1513,6120,180,939,939,939,574,8,5,8,TA,1920,2004,BrkSide,137500
1904,7200,240,676,1208,1136,768,7,5,4,TA,1950,1982,NAmes,138000
1608,6171,216,712,976,1160,448,7,6,6,TA,1925,1990,SWISU,137450
1158,6000,208,862,862,950,208,5,6,7,TA,1929,1950,BrkSide,120000
1593,7415,398,80,839,864,729,8,6,5,TA,2004,2004,Gilbert,193000
1294,6762,662,1286,1286,1294,0,6,7,5,Gd,2006,2006,CollgCr,193879
1464,15256,754,556,1485,1464,0,6,8,5,Gd,2007,2007,Somerst,282922
1214,10410,936,672,672,694,520,6,3,4,TA,1915,1950,OldTown,105000
1646,3842,482,221,1594,1646,0,5,8,5,Ex,2004,2005,Crawfor,275000
768,8445,396,112,768,768,0,5,5,7,Gd,1972,2007,CollgCr,133000
833,8780,0,208,833,833,0,5,5,5,TA,1985,1985,Mitchel,112000
1363,7740,528,622,622,741,622,6,4,7,Fa,1910,1950,OldTown,125500
2093,20544,542,791,791,1236,857,7,7,6,Gd,1986,1991,NWAmes,215000
1840,12420,622,278,944,944,896,6,7,5,Gd,2001,2001,CollgCr,230000
1668,9600,271,736,856,1112,556,6,6,8,TA,1950,2005,NAmes,140000
1040,7200,420,0,0,1040,0,6,4,5,,1949,1950,NAmes,90000
1844,10994,620,868,1844,1844,0,7,8,5,Gd,2005,2006,SawyerW,257000
1848,13053,370,833,833,1053,795,8,6,7,TA,1923,2000,BrkSide,207000
1569,3635,660,398,1386,1569,0,7,7,5,Gd,2007,2007,Blmngtn,175900
2290,11340,560,777,777,1246,1044,11,4,6,TA,1885,1950,OldTown,122500
2450,16545,1069,503,1284,1310,1140,7,8,5,Gd,1998,1998,NoRidge,340000
1144,9204,336,247,1144,1144,0,6,5,5,TA,1963,1963,NAmes,124000
1844,16381,540,734,1844,1844,0,7,6,5,TA,1969,1969,Crawfor,223000
1416,11700,776,304,708,708,708,7,6,6,TA,1968,1968,NWAmes,179900
1069,4043,440,709,1069,1069,0,4,6,5,Gd,1977,1977,NPkVill,127500
848,4435,420,162,848,848,0,3,6,5,Gd,2003,2003,CollgCr,136500
2201,19690,432,697,697,1575,626,8,6,7,Gd,1966,1966,Edwards,274970
1344,9503,484,193,1024,1344,0,6,5,5,TA,1958,1983,NAmes,144000
1252,10721,528,1252,1252,1252,0,7,6,6,TA,1959,1959,NAmes,142000
2127,10944,525,223,1223,1223,904,5,7,5,Gd,1994,1994,NoRidge,271000
1558,10930,288,333,913,1048,510,6,5,6,TA,1945,1950,NAmes,140000
804,7200,240,278,788,804,0,4,5,7,TA,1940,1992,OldTown,119000
1440,12546,467,762,1440,1440,0,7,6,7,Gd,1981,1981,NWAmes,182900
1838,21930,372,732,732,734,1104,7,5,5,Gd,2005,2005,Gilbert,192140
958,4928,440,0,958,958,0,5,6,6,Gd,1976,1976,NPkVill,143750
968,10800,216,656,656,968,0,5,4,6,TA,1927,2007,OldTown,64500
1792,10261,451,936,936,962,830,8,6,5,Gd,2000,2000,Gilbert,186500
1126,17400,484,190,1126,1126,0,5,5,5,TA,1977,1977,Mitchel,160000
1537,8400,462,1319,1319,1537,0,7,6,9,TA,1962,2005,NAmes,174000
864,9000,528,248,864,864,0,5,4,6,TA,1971,1971,NAmes,120500
1932,12444,774,596,1932,1932,0,7,8,5,Ex,2008,2008,NridgHt,394617
1236,7407,923,312,912,1236,0,6,6,7,TA,1957,1996,OldTown,149700
1725,11584,550,114,539,1040,685,6,7,6,TA,1979,1979,NWAmes,197000
2555,11526,672,588,588,1423,748,11,6,7,Ex,1922,1994,Crawfor,191000
848,4426,420,151,848,848,0,3,6,5,Gd,2004,2004,CollgCr,149300
2007,11003,812,252,1017,1026,981,10,10,5,Ex,2008,2008,Somerst,310000
952,8854,192,952,952,952,0,4,6,6,TA,1916,1950,BrkSide,121000
1422,8500,626,1422,1422,1422,0,7,7,5,Gd,2004,2004,CollgCr,179600
913,8400,240,0,814,913,0,6,6,5,TA,1966,1966,Sawyer,129000
1188,26142,312,595,1188,1188,0,6,5,7,TA,1962,1962,Mitchel,157900
2090,10000,556,141,1220,1220,870,8,8,5,Gd,1995,1996,CollgCr,240000
1346,11767,384,560,560,796,550,6,4,7,Fa,1910,2000,Edwards,112000
630,1533,0,77,630,630,0,3,5,7,Gd,1970,1970,MeadowV,92000
1792,9000,0,896,896,896,896,8,5,5,Gd,1974,1974,NAmes,136000
1578,9262,840,1573,1573,1578,0,7,8,5,Gd,2008,2009,Somerst,287090
1072,3675,525,0,547,1072,0,5,5,5,Gd,2005,2005,Edwards,145000
1140,17217,0,1140,1140,1140,0,6,5,5,Gd,2006,2006,Mitchel,84500
1221,7500,400,811,1221,1221,0,6,7,5,Gd,2004,2005,Somerst,185000
1647,7917,460,953,953,953,694,7,6,5,Gd,1999,2000,Gilbert,175000
2073,13175,500,589,1542,2073,0,7,6,6,Gd,1978,1988,NWAmes,210000
2340,9042,252,877,1152,1188,1152,9,7,9,TA,1941,2006,Crawfor,266500
1078,9717,240,0,1078,1078,0,5,5,6,TA,1950,1996,NAmes,142125
1256,9937,276,136,1256,1256,0,6,5,6,TA,1965,1965,Edwards,147500
